의도 id,의도(그대로 두세요),번호,시험 질문 (교사 말투로 여기에 작성),"검수자A 판정 (맞으면 O, 아니면 X)","검수자B 판정 (맞으면 O, 아니면 X)"
play_expand,놀이 더 키우기,1,,,
play_expand,놀이 더 키우기,2,,,
play_expand,놀이 더 키우기,3,,,
play_expand,놀이 더 키우기,4,,,
play_expand,놀이 더 키우기,5,,,
play_expand,놀이 더 키우기,6,,,
play_expand,놀이 더 키우기,7,,,
play_expand,놀이 더 키우기,8,,,
play_expand,놀이 더 키우기,9,,,
play_expand,놀이 더 키우기,10,,,
play_transition_next_step,다음 활동 제안,1,,,
play_transition_next_step,다음 활동 제안,2,,,
play_transition_next_step,다음 활동 제안,3,,,
play_transition_next_step,다음 활동 제안,4,,,
play_transition_next_step,다음 활동 제안,5,,,
play_transition_next_step,다음 활동 제안,6,,,
play_transition_next_step,다음 활동 제안,7,,,
play_transition_next_step,다음 활동 제안,8,,,
play_transition_next_step,다음 활동 제안,9,,,
play_transition_next_step,다음 활동 제안,10,,,
play_flow_naturalize,놀이 흐름 다듬기,1,,,
play_flow_naturalize,놀이 흐름 다듬기,2,,,
play_flow_naturalize,놀이 흐름 다듬기,3,,,
play_flow_naturalize,놀이 흐름 다듬기,4,,,
play_flow_naturalize,놀이 흐름 다듬기,5,,,
play_flow_naturalize,놀이 흐름 다듬기,6,,,
play_flow_naturalize,놀이 흐름 다듬기,7,,,
play_flow_naturalize,놀이 흐름 다듬기,8,,,
play_flow_naturalize,놀이 흐름 다듬기,9,,,
play_flow_naturalize,놀이 흐름 다듬기,10,,,
play_material_suggest,놀잇감 추천,1,,,
play_material_suggest,놀잇감 추천,2,,,
play_material_suggest,놀잇감 추천,3,,,
play_material_suggest,놀잇감 추천,4,,,
play_material_suggest,놀잇감 추천,5,,,
play_material_suggest,놀잇감 추천,6,,,
play_material_suggest,놀잇감 추천,7,,,
play_material_suggest,놀잇감 추천,8,,,
play_material_suggest,놀잇감 추천,9,,,
play_material_suggest,놀잇감 추천,10,,,
play_scenario_generate,놀이 시나리오 만들기,1,,,
play_scenario_generate,놀이 시나리오 만들기,2,,,
play_scenario_generate,놀이 시나리오 만들기,3,,,
play_scenario_generate,놀이 시나리오 만들기,4,,,
play_scenario_generate,놀이 시나리오 만들기,5,,,
play_scenario_generate,놀이 시나리오 만들기,6,,,
play_scenario_generate,놀이 시나리오 만들기,7,,,
play_scenario_generate,놀이 시나리오 만들기,8,,,
play_scenario_generate,놀이 시나리오 만들기,9,,,
play_scenario_generate,놀이 시나리오 만들기,10,,,
play_inquiry_question,발문(질문) 만들기,1,,,
play_inquiry_question,발문(질문) 만들기,2,,,
play_inquiry_question,발문(질문) 만들기,3,,,
play_inquiry_question,발문(질문) 만들기,4,,,
play_inquiry_question,발문(질문) 만들기,5,,,
play_inquiry_question,발문(질문) 만들기,6,,,
play_inquiry_question,발문(질문) 만들기,7,,,
play_inquiry_question,발문(질문) 만들기,8,,,
play_inquiry_question,발문(질문) 만들기,9,,,
play_inquiry_question,발문(질문) 만들기,10,,,
play_level_adapt,난이도 맞추기,1,,,
play_level_adapt,난이도 맞추기,2,,,
play_level_adapt,난이도 맞추기,3,,,
play_level_adapt,난이도 맞추기,4,,,
play_level_adapt,난이도 맞추기,5,,,
play_level_adapt,난이도 맞추기,6,,,
play_level_adapt,난이도 맞추기,7,,,
play_level_adapt,난이도 맞추기,8,,,
play_level_adapt,난이도 맞추기,9,,,
play_level_adapt,난이도 맞추기,10,,,
play_revive_stalled,시든 놀이 살리기,1,,,
play_revive_stalled,시든 놀이 살리기,2,,,
play_revive_stalled,시든 놀이 살리기,3,,,
play_revive_stalled,시든 놀이 살리기,4,,,
play_revive_stalled,시든 놀이 살리기,5,,,
play_revive_stalled,시든 놀이 살리기,6,,,
play_revive_stalled,시든 놀이 살리기,7,,,
play_revive_stalled,시든 놀이 살리기,8,,,
play_revive_stalled,시든 놀이 살리기,9,,,
play_revive_stalled,시든 놀이 살리기,10,,,
play_environment_setup,놀이 환경 꾸미기,1,,,
play_environment_setup,놀이 환경 꾸미기,2,,,
play_environment_setup,놀이 환경 꾸미기,3,,,
play_environment_setup,놀이 환경 꾸미기,4,,,
play_environment_setup,놀이 환경 꾸미기,5,,,
play_environment_setup,놀이 환경 꾸미기,6,,,
play_environment_setup,놀이 환경 꾸미기,7,,,
play_environment_setup,놀이 환경 꾸미기,8,,,
play_environment_setup,놀이 환경 꾸미기,9,,,
play_environment_setup,놀이 환경 꾸미기,10,,,
obs_record_moment,순간 관찰 기록,1,,,
obs_record_moment,순간 관찰 기록,2,,,
obs_record_moment,순간 관찰 기록,3,,,
obs_record_moment,순간 관찰 기록,4,,,
obs_record_moment,순간 관찰 기록,5,,,
obs_record_moment,순간 관찰 기록,6,,,
obs_record_moment,순간 관찰 기록,7,,,
obs_record_moment,순간 관찰 기록,8,,,
obs_record_moment,순간 관찰 기록,9,,,
obs_record_moment,순간 관찰 기록,10,,,
obs_capture_scene,활동 장면 담기,1,,,
obs_capture_scene,활동 장면 담기,2,,,
obs_capture_scene,활동 장면 담기,3,,,
obs_capture_scene,활동 장면 담기,4,,,
obs_capture_scene,활동 장면 담기,5,,,
obs_capture_scene,활동 장면 담기,6,,,
obs_capture_scene,활동 장면 담기,7,,,
obs_capture_scene,활동 장면 담기,8,,,
obs_capture_scene,활동 장면 담기,9,,,
obs_capture_scene,활동 장면 담기,10,,,
obs_tag_children,사진 속 아이 태그,1,,,
obs_tag_children,사진 속 아이 태그,2,,,
obs_tag_children,사진 속 아이 태그,3,,,
obs_tag_children,사진 속 아이 태그,4,,,
obs_tag_children,사진 속 아이 태그,5,,,
obs_tag_children,사진 속 아이 태그,6,,,
obs_tag_children,사진 속 아이 태그,7,,,
obs_tag_children,사진 속 아이 태그,8,,,
obs_tag_children,사진 속 아이 태그,9,,,
obs_tag_children,사진 속 아이 태그,10,,,
obs_classify_development,발달 영역 분류,1,,,
obs_classify_development,발달 영역 분류,2,,,
obs_classify_development,발달 영역 분류,3,,,
obs_classify_development,발달 영역 분류,4,,,
obs_classify_development,발달 영역 분류,5,,,
obs_classify_development,발달 영역 분류,6,,,
obs_classify_development,발달 영역 분류,7,,,
obs_classify_development,발달 영역 분류,8,,,
obs_classify_development,발달 영역 분류,9,,,
obs_classify_development,발달 영역 분류,10,,,
obs_summarize_child,아이별 관찰 요약,1,,,
obs_summarize_child,아이별 관찰 요약,2,,,
obs_summarize_child,아이별 관찰 요약,3,,,
obs_summarize_child,아이별 관찰 요약,4,,,
obs_summarize_child,아이별 관찰 요약,5,,,
obs_summarize_child,아이별 관찰 요약,6,,,
obs_summarize_child,아이별 관찰 요약,7,,,
obs_summarize_child,아이별 관찰 요약,8,,,
obs_summarize_child,아이별 관찰 요약,9,,,
obs_summarize_child,아이별 관찰 요약,10,,,
obs_detect_behavior_change,행동 변화 감지,1,,,
obs_detect_behavior_change,행동 변화 감지,2,,,
obs_detect_behavior_change,행동 변화 감지,3,,,
obs_detect_behavior_change,행동 변화 감지,4,,,
obs_detect_behavior_change,행동 변화 감지,5,,,
obs_detect_behavior_change,행동 변화 감지,6,,,
obs_detect_behavior_change,행동 변화 감지,7,,,
obs_detect_behavior_change,행동 변화 감지,8,,,
obs_detect_behavior_change,행동 변화 감지,9,,,
obs_detect_behavior_change,행동 변화 감지,10,,,
obs_recommend_focus,관찰 포커스 추천,1,,,
obs_recommend_focus,관찰 포커스 추천,2,,,
obs_recommend_focus,관찰 포커스 추천,3,,,
obs_recommend_focus,관찰 포커스 추천,4,,,
obs_recommend_focus,관찰 포커스 추천,5,,,
obs_recommend_focus,관찰 포커스 추천,6,,,
obs_recommend_focus,관찰 포커스 추천,7,,,
obs_recommend_focus,관찰 포커스 추천,8,,,
obs_recommend_focus,관찰 포커스 추천,9,,,
obs_recommend_focus,관찰 포커스 추천,10,,,
obs_set_watchpoint,관찰 포인트 설정,1,,,
obs_set_watchpoint,관찰 포인트 설정,2,,,
obs_set_watchpoint,관찰 포인트 설정,3,,,
obs_set_watchpoint,관찰 포인트 설정,4,,,
obs_set_watchpoint,관찰 포인트 설정,5,,,
obs_set_watchpoint,관찰 포인트 설정,6,,,
obs_set_watchpoint,관찰 포인트 설정,7,,,
obs_set_watchpoint,관찰 포인트 설정,8,,,
obs_set_watchpoint,관찰 포인트 설정,9,,,
obs_set_watchpoint,관찰 포인트 설정,10,,,
obs_search_records,관찰 기록 검색,1,,,
obs_search_records,관찰 기록 검색,2,,,
obs_search_records,관찰 기록 검색,3,,,
obs_search_records,관찰 기록 검색,4,,,
obs_search_records,관찰 기록 검색,5,,,
obs_search_records,관찰 기록 검색,6,,,
obs_search_records,관찰 기록 검색,7,,,
obs_search_records,관찰 기록 검색,8,,,
obs_search_records,관찰 기록 검색,9,,,
obs_search_records,관찰 기록 검색,10,,,
text_naturalize,글 자연스럽게 다듬기,1,,,
text_naturalize,글 자연스럽게 다듬기,2,,,
text_naturalize,글 자연스럽게 다듬기,3,,,
text_naturalize,글 자연스럽게 다듬기,4,,,
text_naturalize,글 자연스럽게 다듬기,5,,,
text_naturalize,글 자연스럽게 다듬기,6,,,
text_naturalize,글 자연스럽게 다듬기,7,,,
text_naturalize,글 자연스럽게 다듬기,8,,,
text_naturalize,글 자연스럽게 다듬기,9,,,
text_naturalize,글 자연스럽게 다듬기,10,,,
write_activity_followup,활동 후속 기록 쓰기,1,,,
write_activity_followup,활동 후속 기록 쓰기,2,,,
write_activity_followup,활동 후속 기록 쓰기,3,,,
write_activity_followup,활동 후속 기록 쓰기,4,,,
write_activity_followup,활동 후속 기록 쓰기,5,,,
write_activity_followup,활동 후속 기록 쓰기,6,,,
write_activity_followup,활동 후속 기록 쓰기,7,,,
write_activity_followup,활동 후속 기록 쓰기,8,,,
write_activity_followup,활동 후속 기록 쓰기,9,,,
write_activity_followup,활동 후속 기록 쓰기,10,,,
doc_observation_record,관찰 기록문 쓰기,1,,,
doc_observation_record,관찰 기록문 쓰기,2,,,
doc_observation_record,관찰 기록문 쓰기,3,,,
doc_observation_record,관찰 기록문 쓰기,4,,,
doc_observation_record,관찰 기록문 쓰기,5,,,
doc_observation_record,관찰 기록문 쓰기,6,,,
doc_observation_record,관찰 기록문 쓰기,7,,,
doc_observation_record,관찰 기록문 쓰기,8,,,
doc_observation_record,관찰 기록문 쓰기,9,,,
doc_observation_record,관찰 기록문 쓰기,10,,,
doc_notice_draft,알림장 초안 쓰기,1,,,
doc_notice_draft,알림장 초안 쓰기,2,,,
doc_notice_draft,알림장 초안 쓰기,3,,,
doc_notice_draft,알림장 초안 쓰기,4,,,
doc_notice_draft,알림장 초안 쓰기,5,,,
doc_notice_draft,알림장 초안 쓰기,6,,,
doc_notice_draft,알림장 초안 쓰기,7,,,
doc_notice_draft,알림장 초안 쓰기,8,,,
doc_notice_draft,알림장 초안 쓰기,9,,,
doc_notice_draft,알림장 초안 쓰기,10,,,
doc_plan_draft,활동계획안 쓰기,1,,,
doc_plan_draft,활동계획안 쓰기,2,,,
doc_plan_draft,활동계획안 쓰기,3,,,
doc_plan_draft,활동계획안 쓰기,4,,,
doc_plan_draft,활동계획안 쓰기,5,,,
doc_plan_draft,활동계획안 쓰기,6,,,
doc_plan_draft,활동계획안 쓰기,7,,,
doc_plan_draft,활동계획안 쓰기,8,,,
doc_plan_draft,활동계획안 쓰기,9,,,
doc_plan_draft,활동계획안 쓰기,10,,,
doc_summarize,글 요약하기,1,,,
doc_summarize,글 요약하기,2,,,
doc_summarize,글 요약하기,3,,,
doc_summarize,글 요약하기,4,,,
doc_summarize,글 요약하기,5,,,
doc_summarize,글 요약하기,6,,,
doc_summarize,글 요약하기,7,,,
doc_summarize,글 요약하기,8,,,
doc_summarize,글 요약하기,9,,,
doc_summarize,글 요약하기,10,,,
doc_expand_text,짧은 메모 늘려 쓰기,1,,,
doc_expand_text,짧은 메모 늘려 쓰기,2,,,
doc_expand_text,짧은 메모 늘려 쓰기,3,,,
doc_expand_text,짧은 메모 늘려 쓰기,4,,,
doc_expand_text,짧은 메모 늘려 쓰기,5,,,
doc_expand_text,짧은 메모 늘려 쓰기,6,,,
doc_expand_text,짧은 메모 늘려 쓰기,7,,,
doc_expand_text,짧은 메모 늘려 쓰기,8,,,
doc_expand_text,짧은 메모 늘려 쓰기,9,,,
doc_expand_text,짧은 메모 늘려 쓰기,10,,,
doc_proofread,맞춤법 교정,1,,,
doc_proofread,맞춤법 교정,2,,,
doc_proofread,맞춤법 교정,3,,,
doc_proofread,맞춤법 교정,4,,,
doc_proofread,맞춤법 교정,5,,,
doc_proofread,맞춤법 교정,6,,,
doc_proofread,맞춤법 교정,7,,,
doc_proofread,맞춤법 교정,8,,,
doc_proofread,맞춤법 교정,9,,,
doc_proofread,맞춤법 교정,10,,,
doc_portfolio_comment,포트폴리오 코멘트 쓰기,1,,,
doc_portfolio_comment,포트폴리오 코멘트 쓰기,2,,,
doc_portfolio_comment,포트폴리오 코멘트 쓰기,3,,,
doc_portfolio_comment,포트폴리오 코멘트 쓰기,4,,,
doc_portfolio_comment,포트폴리오 코멘트 쓰기,5,,,
doc_portfolio_comment,포트폴리오 코멘트 쓰기,6,,,
doc_portfolio_comment,포트폴리오 코멘트 쓰기,7,,,
doc_portfolio_comment,포트폴리오 코멘트 쓰기,8,,,
doc_portfolio_comment,포트폴리오 코멘트 쓰기,9,,,
doc_portfolio_comment,포트폴리오 코멘트 쓰기,10,,,
visual_naturalize,사진 자연스럽게 보정,1,,,
visual_naturalize,사진 자연스럽게 보정,2,,,
visual_naturalize,사진 자연스럽게 보정,3,,,
visual_naturalize,사진 자연스럽게 보정,4,,,
visual_naturalize,사진 자연스럽게 보정,5,,,
visual_naturalize,사진 자연스럽게 보정,6,,,
visual_naturalize,사진 자연스럽게 보정,7,,,
visual_naturalize,사진 자연스럽게 보정,8,,,
visual_naturalize,사진 자연스럽게 보정,9,,,
visual_naturalize,사진 자연스럽게 보정,10,,,
visual_layout_refine,게시물 배치 다듬기,1,,,
visual_layout_refine,게시물 배치 다듬기,2,,,
visual_layout_refine,게시물 배치 다듬기,3,,,
visual_layout_refine,게시물 배치 다듬기,4,,,
visual_layout_refine,게시물 배치 다듬기,5,,,
visual_layout_refine,게시물 배치 다듬기,6,,,
visual_layout_refine,게시물 배치 다듬기,7,,,
visual_layout_refine,게시물 배치 다듬기,8,,,
visual_layout_refine,게시물 배치 다듬기,9,,,
visual_layout_refine,게시물 배치 다듬기,10,,,
visual_photo_organize,사진 정리,1,,,
visual_photo_organize,사진 정리,2,,,
visual_photo_organize,사진 정리,3,,,
visual_photo_organize,사진 정리,4,,,
visual_photo_organize,사진 정리,5,,,
visual_photo_organize,사진 정리,6,,,
visual_photo_organize,사진 정리,7,,,
visual_photo_organize,사진 정리,8,,,
visual_photo_organize,사진 정리,9,,,
visual_photo_organize,사진 정리,10,,,
visual_photo_pick_best,베스트 사진 고르기,1,,,
visual_photo_pick_best,베스트 사진 고르기,2,,,
visual_photo_pick_best,베스트 사진 고르기,3,,,
visual_photo_pick_best,베스트 사진 고르기,4,,,
visual_photo_pick_best,베스트 사진 고르기,5,,,
visual_photo_pick_best,베스트 사진 고르기,6,,,
visual_photo_pick_best,베스트 사진 고르기,7,,,
visual_photo_pick_best,베스트 사진 고르기,8,,,
visual_photo_pick_best,베스트 사진 고르기,9,,,
visual_photo_pick_best,베스트 사진 고르기,10,,,
visual_image_generate,그림 만들기,1,,,
visual_image_generate,그림 만들기,2,,,
visual_image_generate,그림 만들기,3,,,
visual_image_generate,그림 만들기,4,,,
visual_image_generate,그림 만들기,5,,,
visual_image_generate,그림 만들기,6,,,
visual_image_generate,그림 만들기,7,,,
visual_image_generate,그림 만들기,8,,,
visual_image_generate,그림 만들기,9,,,
visual_image_generate,그림 만들기,10,,,
visual_privacy_mask,얼굴 모자이크 처리,1,,,
visual_privacy_mask,얼굴 모자이크 처리,2,,,
visual_privacy_mask,얼굴 모자이크 처리,3,,,
visual_privacy_mask,얼굴 모자이크 처리,4,,,
visual_privacy_mask,얼굴 모자이크 처리,5,,,
visual_privacy_mask,얼굴 모자이크 처리,6,,,
visual_privacy_mask,얼굴 모자이크 처리,7,,,
visual_privacy_mask,얼굴 모자이크 처리,8,,,
visual_privacy_mask,얼굴 모자이크 처리,9,,,
visual_privacy_mask,얼굴 모자이크 처리,10,,,
visual_crop_focus,사진 크롭·확대,1,,,
visual_crop_focus,사진 크롭·확대,2,,,
visual_crop_focus,사진 크롭·확대,3,,,
visual_crop_focus,사진 크롭·확대,4,,,
visual_crop_focus,사진 크롭·확대,5,,,
visual_crop_focus,사진 크롭·확대,6,,,
visual_crop_focus,사진 크롭·확대,7,,,
visual_crop_focus,사진 크롭·확대,8,,,
visual_crop_focus,사진 크롭·확대,9,,,
visual_crop_focus,사진 크롭·확대,10,,,
visual_decorate,사진 꾸미기,1,,,
visual_decorate,사진 꾸미기,2,,,
visual_decorate,사진 꾸미기,3,,,
visual_decorate,사진 꾸미기,4,,,
visual_decorate,사진 꾸미기,5,,,
visual_decorate,사진 꾸미기,6,,,
visual_decorate,사진 꾸미기,7,,,
visual_decorate,사진 꾸미기,8,,,
visual_decorate,사진 꾸미기,9,,,
visual_decorate,사진 꾸미기,10,,,
visual_collage_compose,콜라주 만들기,1,,,
visual_collage_compose,콜라주 만들기,2,,,
visual_collage_compose,콜라주 만들기,3,,,
visual_collage_compose,콜라주 만들기,4,,,
visual_collage_compose,콜라주 만들기,5,,,
visual_collage_compose,콜라주 만들기,6,,,
visual_collage_compose,콜라주 만들기,7,,,
visual_collage_compose,콜라주 만들기,8,,,
visual_collage_compose,콜라주 만들기,9,,,
visual_collage_compose,콜라주 만들기,10,,,
comm_draft_parent_notice,학급 알림장 쓰기,1,,,
comm_draft_parent_notice,학급 알림장 쓰기,2,,,
comm_draft_parent_notice,학급 알림장 쓰기,3,,,
comm_draft_parent_notice,학급 알림장 쓰기,4,,,
comm_draft_parent_notice,학급 알림장 쓰기,5,,,
comm_draft_parent_notice,학급 알림장 쓰기,6,,,
comm_draft_parent_notice,학급 알림장 쓰기,7,,,
comm_draft_parent_notice,학급 알림장 쓰기,8,,,
comm_draft_parent_notice,학급 알림장 쓰기,9,,,
comm_draft_parent_notice,학급 알림장 쓰기,10,,,
comm_message_individual_parent,개별 학부모 메시지,1,,,
comm_message_individual_parent,개별 학부모 메시지,2,,,
comm_message_individual_parent,개별 학부모 메시지,3,,,
comm_message_individual_parent,개별 학부모 메시지,4,,,
comm_message_individual_parent,개별 학부모 메시지,5,,,
comm_message_individual_parent,개별 학부모 메시지,6,,,
comm_message_individual_parent,개별 학부모 메시지,7,,,
comm_message_individual_parent,개별 학부모 메시지,8,,,
comm_message_individual_parent,개별 학부모 메시지,9,,,
comm_message_individual_parent,개별 학부모 메시지,10,,,
comm_share_media_with_parents,학부모에 사진 공유,1,,,
comm_share_media_with_parents,학부모에 사진 공유,2,,,
comm_share_media_with_parents,학부모에 사진 공유,3,,,
comm_share_media_with_parents,학부모에 사진 공유,4,,,
comm_share_media_with_parents,학부모에 사진 공유,5,,,
comm_share_media_with_parents,학부모에 사진 공유,6,,,
comm_share_media_with_parents,학부모에 사진 공유,7,,,
comm_share_media_with_parents,학부모에 사진 공유,8,,,
comm_share_media_with_parents,학부모에 사진 공유,9,,,
comm_share_media_with_parents,학부모에 사진 공유,10,,,
comm_share_with_colleague,동료 교사와 공유,1,,,
comm_share_with_colleague,동료 교사와 공유,2,,,
comm_share_with_colleague,동료 교사와 공유,3,,,
comm_share_with_colleague,동료 교사와 공유,4,,,
comm_share_with_colleague,동료 교사와 공유,5,,,
comm_share_with_colleague,동료 교사와 공유,6,,,
comm_share_with_colleague,동료 교사와 공유,7,,,
comm_share_with_colleague,동료 교사와 공유,8,,,
comm_share_with_colleague,동료 교사와 공유,9,,,
comm_share_with_colleague,동료 교사와 공유,10,,,
comm_present_to_children,아이들에게 보여주기,1,,,
comm_present_to_children,아이들에게 보여주기,2,,,
comm_present_to_children,아이들에게 보여주기,3,,,
comm_present_to_children,아이들에게 보여주기,4,,,
comm_present_to_children,아이들에게 보여주기,5,,,
comm_present_to_children,아이들에게 보여주기,6,,,
comm_present_to_children,아이들에게 보여주기,7,,,
comm_present_to_children,아이들에게 보여주기,8,,,
comm_present_to_children,아이들에게 보여주기,9,,,
comm_present_to_children,아이들에게 보여주기,10,,,
comm_schedule_send,발송 예약,1,,,
comm_schedule_send,발송 예약,2,,,
comm_schedule_send,발송 예약,3,,,
comm_schedule_send,발송 예약,4,,,
comm_schedule_send,발송 예약,5,,,
comm_schedule_send,발송 예약,6,,,
comm_schedule_send,발송 예약,7,,,
comm_schedule_send,발송 예약,8,,,
comm_schedule_send,발송 예약,9,,,
comm_schedule_send,발송 예약,10,,,
comm_translate_for_family,가정용 번역,1,,,
comm_translate_for_family,가정용 번역,2,,,
comm_translate_for_family,가정용 번역,3,,,
comm_translate_for_family,가정용 번역,4,,,
comm_translate_for_family,가정용 번역,5,,,
comm_translate_for_family,가정용 번역,6,,,
comm_translate_for_family,가정용 번역,7,,,
comm_translate_for_family,가정용 번역,8,,,
comm_translate_for_family,가정용 번역,9,,,
comm_translate_for_family,가정용 번역,10,,,
comm_collect_parent_responses,학부모 회신 모으기,1,,,
comm_collect_parent_responses,학부모 회신 모으기,2,,,
comm_collect_parent_responses,학부모 회신 모으기,3,,,
comm_collect_parent_responses,학부모 회신 모으기,4,,,
comm_collect_parent_responses,학부모 회신 모으기,5,,,
comm_collect_parent_responses,학부모 회신 모으기,6,,,
comm_collect_parent_responses,학부모 회신 모으기,7,,,
comm_collect_parent_responses,학부모 회신 모으기,8,,,
comm_collect_parent_responses,학부모 회신 모으기,9,,,
comm_collect_parent_responses,학부모 회신 모으기,10,,,
comm_request_consent,동의 요청 보내기,1,,,
comm_request_consent,동의 요청 보내기,2,,,
comm_request_consent,동의 요청 보내기,3,,,
comm_request_consent,동의 요청 보내기,4,,,
comm_request_consent,동의 요청 보내기,5,,,
comm_request_consent,동의 요청 보내기,6,,,
comm_request_consent,동의 요청 보내기,7,,,
comm_request_consent,동의 요청 보내기,8,,,
comm_request_consent,동의 요청 보내기,9,,,
comm_request_consent,동의 요청 보내기,10,,,
op_schedule_update,일정 업데이트,1,,,
op_schedule_update,일정 업데이트,2,,,
op_schedule_update,일정 업데이트,3,,,
op_schedule_update,일정 업데이트,4,,,
op_schedule_update,일정 업데이트,5,,,
op_schedule_update,일정 업데이트,6,,,
op_schedule_update,일정 업데이트,7,,,
op_schedule_update,일정 업데이트,8,,,
op_schedule_update,일정 업데이트,9,,,
op_schedule_update,일정 업데이트,10,,,
op_schedule_check,일정 확인,1,,,
op_schedule_check,일정 확인,2,,,
op_schedule_check,일정 확인,3,,,
op_schedule_check,일정 확인,4,,,
op_schedule_check,일정 확인,5,,,
op_schedule_check,일정 확인,6,,,
op_schedule_check,일정 확인,7,,,
op_schedule_check,일정 확인,8,,,
op_schedule_check,일정 확인,9,,,
op_schedule_check,일정 확인,10,,,
op_material_prepare,준비물 챙기기,1,,,
op_material_prepare,준비물 챙기기,2,,,
op_material_prepare,준비물 챙기기,3,,,
op_material_prepare,준비물 챙기기,4,,,
op_material_prepare,준비물 챙기기,5,,,
op_material_prepare,준비물 챙기기,6,,,
op_material_prepare,준비물 챙기기,7,,,
op_material_prepare,준비물 챙기기,8,,,
op_material_prepare,준비물 챙기기,9,,,
op_material_prepare,준비물 챙기기,10,,,
op_document_export,문서 내보내기,1,,,
op_document_export,문서 내보내기,2,,,
op_document_export,문서 내보내기,3,,,
op_document_export,문서 내보내기,4,,,
op_document_export,문서 내보내기,5,,,
op_document_export,문서 내보내기,6,,,
op_document_export,문서 내보내기,7,,,
op_document_export,문서 내보내기,8,,,
op_document_export,문서 내보내기,9,,,
op_document_export,문서 내보내기,10,,,
op_attendance_record,출결 기록,1,,,
op_attendance_record,출결 기록,2,,,
op_attendance_record,출결 기록,3,,,
op_attendance_record,출결 기록,4,,,
op_attendance_record,출결 기록,5,,,
op_attendance_record,출결 기록,6,,,
op_attendance_record,출결 기록,7,,,
op_attendance_record,출결 기록,8,,,
op_attendance_record,출결 기록,9,,,
op_attendance_record,출결 기록,10,,,
op_notice_send,알림 보내기,1,,,
op_notice_send,알림 보내기,2,,,
op_notice_send,알림 보내기,3,,,
op_notice_send,알림 보내기,4,,,
op_notice_send,알림 보내기,5,,,
op_notice_send,알림 보내기,6,,,
op_notice_send,알림 보내기,7,,,
op_notice_send,알림 보내기,8,,,
op_notice_send,알림 보내기,9,,,
op_notice_send,알림 보내기,10,,,
op_workspace_organize,자료 정리,1,,,
op_workspace_organize,자료 정리,2,,,
op_workspace_organize,자료 정리,3,,,
op_workspace_organize,자료 정리,4,,,
op_workspace_organize,자료 정리,5,,,
op_workspace_organize,자료 정리,6,,,
op_workspace_organize,자료 정리,7,,,
op_workspace_organize,자료 정리,8,,,
op_workspace_organize,자료 정리,9,,,
op_workspace_organize,자료 정리,10,,,
op_workspace_search,자료 검색,1,,,
op_workspace_search,자료 검색,2,,,
op_workspace_search,자료 검색,3,,,
op_workspace_search,자료 검색,4,,,
op_workspace_search,자료 검색,5,,,
op_workspace_search,자료 검색,6,,,
op_workspace_search,자료 검색,7,,,
op_workspace_search,자료 검색,8,,,
op_workspace_search,자료 검색,9,,,
op_workspace_search,자료 검색,10,,,
op_workspace_delete,자료 삭제,1,,,
op_workspace_delete,자료 삭제,2,,,
op_workspace_delete,자료 삭제,3,,,
op_workspace_delete,자료 삭제,4,,,
op_workspace_delete,자료 삭제,5,,,
op_workspace_delete,자료 삭제,6,,,
op_workspace_delete,자료 삭제,7,,,
op_workspace_delete,자료 삭제,8,,,
op_workspace_delete,자료 삭제,9,,,
op_workspace_delete,자료 삭제,10,,,
refl_activity_review,활동 돌아보기,1,,,
refl_activity_review,활동 돌아보기,2,,,
refl_activity_review,활동 돌아보기,3,,,
refl_activity_review,활동 돌아보기,4,,,
refl_activity_review,활동 돌아보기,5,,,
refl_activity_review,활동 돌아보기,6,,,
refl_activity_review,활동 돌아보기,7,,,
refl_activity_review,활동 돌아보기,8,,,
refl_activity_review,활동 돌아보기,9,,,
refl_activity_review,활동 돌아보기,10,,,
refl_child_progress_review,아이 성장 돌아보기,1,,,
refl_child_progress_review,아이 성장 돌아보기,2,,,
refl_child_progress_review,아이 성장 돌아보기,3,,,
refl_child_progress_review,아이 성장 돌아보기,4,,,
refl_child_progress_review,아이 성장 돌아보기,5,,,
refl_child_progress_review,아이 성장 돌아보기,6,,,
refl_child_progress_review,아이 성장 돌아보기,7,,,
refl_child_progress_review,아이 성장 돌아보기,8,,,
refl_child_progress_review,아이 성장 돌아보기,9,,,
refl_child_progress_review,아이 성장 돌아보기,10,,,
refl_milestone_check,발달 이정표 점검,1,,,
refl_milestone_check,발달 이정표 점검,2,,,
refl_milestone_check,발달 이정표 점검,3,,,
refl_milestone_check,발달 이정표 점검,4,,,
refl_milestone_check,발달 이정표 점검,5,,,
refl_milestone_check,발달 이정표 점검,6,,,
refl_milestone_check,발달 이정표 점검,7,,,
refl_milestone_check,발달 이정표 점검,8,,,
refl_milestone_check,발달 이정표 점검,9,,,
refl_milestone_check,발달 이정표 점검,10,,,
refl_goal_alignment_check,목표 점검,1,,,
refl_goal_alignment_check,목표 점검,2,,,
refl_goal_alignment_check,목표 점검,3,,,
refl_goal_alignment_check,목표 점검,4,,,
refl_goal_alignment_check,목표 점검,5,,,
refl_goal_alignment_check,목표 점검,6,,,
refl_goal_alignment_check,목표 점검,7,,,
refl_goal_alignment_check,목표 점검,8,,,
refl_goal_alignment_check,목표 점검,9,,,
refl_goal_alignment_check,목표 점검,10,,,
refl_self_journal,교사 성찰일지,1,,,
refl_self_journal,교사 성찰일지,2,,,
refl_self_journal,교사 성찰일지,3,,,
refl_self_journal,교사 성찰일지,4,,,
refl_self_journal,교사 성찰일지,5,,,
refl_self_journal,교사 성찰일지,6,,,
refl_self_journal,교사 성찰일지,7,,,
refl_self_journal,교사 성찰일지,8,,,
refl_self_journal,교사 성찰일지,9,,,
refl_self_journal,교사 성찰일지,10,,,
refl_teaching_pattern_insight,수업 패턴 살펴보기,1,,,
refl_teaching_pattern_insight,수업 패턴 살펴보기,2,,,
refl_teaching_pattern_insight,수업 패턴 살펴보기,3,,,
refl_teaching_pattern_insight,수업 패턴 살펴보기,4,,,
refl_teaching_pattern_insight,수업 패턴 살펴보기,5,,,
refl_teaching_pattern_insight,수업 패턴 살펴보기,6,,,
refl_teaching_pattern_insight,수업 패턴 살펴보기,7,,,
refl_teaching_pattern_insight,수업 패턴 살펴보기,8,,,
refl_teaching_pattern_insight,수업 패턴 살펴보기,9,,,
refl_teaching_pattern_insight,수업 패턴 살펴보기,10,,,
refl_improvement_suggest,개선점 제안,1,,,
refl_improvement_suggest,개선점 제안,2,,,
refl_improvement_suggest,개선점 제안,3,,,
refl_improvement_suggest,개선점 제안,4,,,
refl_improvement_suggest,개선점 제안,5,,,
refl_improvement_suggest,개선점 제안,6,,,
refl_improvement_suggest,개선점 제안,7,,,
refl_improvement_suggest,개선점 제안,8,,,
refl_improvement_suggest,개선점 제안,9,,,
refl_improvement_suggest,개선점 제안,10,,,
refl_support_need_scan,지원 필요한 아이 찾기,1,,,
refl_support_need_scan,지원 필요한 아이 찾기,2,,,
refl_support_need_scan,지원 필요한 아이 찾기,3,,,
refl_support_need_scan,지원 필요한 아이 찾기,4,,,
refl_support_need_scan,지원 필요한 아이 찾기,5,,,
refl_support_need_scan,지원 필요한 아이 찾기,6,,,
refl_support_need_scan,지원 필요한 아이 찾기,7,,,
refl_support_need_scan,지원 필요한 아이 찾기,8,,,
refl_support_need_scan,지원 필요한 아이 찾기,9,,,
refl_support_need_scan,지원 필요한 아이 찾기,10,,,
refl_period_retrospective,기간 회고,1,,,
refl_period_retrospective,기간 회고,2,,,
refl_period_retrospective,기간 회고,3,,,
refl_period_retrospective,기간 회고,4,,,
refl_period_retrospective,기간 회고,5,,,
refl_period_retrospective,기간 회고,6,,,
refl_period_retrospective,기간 회고,7,,,
refl_period_retrospective,기간 회고,8,,,
refl_period_retrospective,기간 회고,9,,,
refl_period_retrospective,기간 회고,10,,,
studio_worksheet_generate,활동지 만들기,1,,,
studio_worksheet_generate,활동지 만들기,2,,,
studio_worksheet_generate,활동지 만들기,3,,,
studio_worksheet_generate,활동지 만들기,4,,,
studio_worksheet_generate,활동지 만들기,5,,,
studio_worksheet_generate,활동지 만들기,6,,,
studio_worksheet_generate,활동지 만들기,7,,,
studio_worksheet_generate,활동지 만들기,8,,,
studio_worksheet_generate,활동지 만들기,9,,,
studio_worksheet_generate,활동지 만들기,10,,,
studio_video_generate,활동 영상 만들기,1,,,
studio_video_generate,활동 영상 만들기,2,,,
studio_video_generate,활동 영상 만들기,3,,,
studio_video_generate,활동 영상 만들기,4,,,
studio_video_generate,활동 영상 만들기,5,,,
studio_video_generate,활동 영상 만들기,6,,,
studio_video_generate,활동 영상 만들기,7,,,
studio_video_generate,활동 영상 만들기,8,,,
studio_video_generate,활동 영상 만들기,9,,,
studio_video_generate,활동 영상 만들기,10,,,
studio_slides_draft,슬라이드 만들기,1,,,
studio_slides_draft,슬라이드 만들기,2,,,
studio_slides_draft,슬라이드 만들기,3,,,
studio_slides_draft,슬라이드 만들기,4,,,
studio_slides_draft,슬라이드 만들기,5,,,
studio_slides_draft,슬라이드 만들기,6,,,
studio_slides_draft,슬라이드 만들기,7,,,
studio_slides_draft,슬라이드 만들기,8,,,
studio_slides_draft,슬라이드 만들기,9,,,
studio_slides_draft,슬라이드 만들기,10,,,
studio_game_generate,게임 만들기,1,,,
studio_game_generate,게임 만들기,2,,,
studio_game_generate,게임 만들기,3,,,
studio_game_generate,게임 만들기,4,,,
studio_game_generate,게임 만들기,5,,,
studio_game_generate,게임 만들기,6,,,
studio_game_generate,게임 만들기,7,,,
studio_game_generate,게임 만들기,8,,,
studio_game_generate,게임 만들기,9,,,
studio_game_generate,게임 만들기,10,,,
studio_topic_web_generate,주제망 만들기,1,,,
studio_topic_web_generate,주제망 만들기,2,,,
studio_topic_web_generate,주제망 만들기,3,,,
studio_topic_web_generate,주제망 만들기,4,,,
studio_topic_web_generate,주제망 만들기,5,,,
studio_topic_web_generate,주제망 만들기,6,,,
studio_topic_web_generate,주제망 만들기,7,,,
studio_topic_web_generate,주제망 만들기,8,,,
studio_topic_web_generate,주제망 만들기,9,,,
studio_topic_web_generate,주제망 만들기,10,,,
studio_external_resource_search,외부 자료 찾기,1,,,
studio_external_resource_search,외부 자료 찾기,2,,,
studio_external_resource_search,외부 자료 찾기,3,,,
studio_external_resource_search,외부 자료 찾기,4,,,
studio_external_resource_search,외부 자료 찾기,5,,,
studio_external_resource_search,외부 자료 찾기,6,,,
studio_external_resource_search,외부 자료 찾기,7,,,
studio_external_resource_search,외부 자료 찾기,8,,,
studio_external_resource_search,외부 자료 찾기,9,,,
studio_external_resource_search,외부 자료 찾기,10,,,
refl_child_guidance_consult,아이 지도 상담,1,,,
refl_child_guidance_consult,아이 지도 상담,2,,,
refl_child_guidance_consult,아이 지도 상담,3,,,
refl_child_guidance_consult,아이 지도 상담,4,,,
refl_child_guidance_consult,아이 지도 상담,5,,,
refl_child_guidance_consult,아이 지도 상담,6,,,
refl_child_guidance_consult,아이 지도 상담,7,,,
refl_child_guidance_consult,아이 지도 상담,8,,,
refl_child_guidance_consult,아이 지도 상담,9,,,
refl_child_guidance_consult,아이 지도 상담,10,,,
