의도 id (그대로 두세요),의도,뜻 (참고),구분,예시 문장 — 어색하면 자유롭게 고쳐 쓰세요,빼려면 X
play_expand,놀이 더 키우기,"진행 중인 놀이의 장면이나 관찰 내용을 입력으로 받아, 그 놀이의 주제와 내용을 더 넓고 깊게 발전시킬 확장 아이디어를 제안한다.",기존1 (참고용),이 블록놀이 좀 더 키워볼 만한 거 없을까?,
play_expand,놀이 더 키우기,,기존2 (참고용),얘들이 요즘 공룡에 푹 빠졌는데 여기서 뭘 더 해볼 수 있을까?,
play_expand,놀이 더 키우기,,추가 초안1,요즘 애들 세차장놀이에 푹 빠졌는데 이걸 더 크게 벌여볼 방법 없을까?,
play_expand,놀이 더 키우기,,추가 초안2,지금 하는 시장놀이 더 풍성하게 만들어줘,
play_expand,놀이 더 키우기,,추가 초안3,이 놀이에서 뻗어나갈 가지 좀 뽑아줘,
play_expand,놀이 더 키우기,,추가 초안4,블록으로 다리를 만들었는데 여기서 놀이를 어떻게 더 키우지?,
play_transition_next_step,다음 활동 제안,"현재 진행 중인 놀이의 흐름과 도달 지점을 입력으로 받아, 그 놀이에서 이어서 전개할 다음 단계 활동을 제안한다.",기존1 (참고용),다음엔 뭘 해주면 좋을까?,
play_transition_next_step,다음 활동 제안,,기존2 (참고용),병원놀이 오늘 여기까지 했는데 내일은 뭘로 이어가지?,
play_transition_next_step,다음 활동 제안,,추가 초안1,가게놀이 마무리하고 이어서 뭘 하면 좋을까?,
play_transition_next_step,다음 활동 제안,,추가 초안2,오늘 색깔 탐색 끝났는데 내일은 뭘로 이어가지?,
play_transition_next_step,다음 활동 제안,,추가 초안3,이 활동 다음 단계 활동 추천해줘,
play_transition_next_step,다음 활동 제안,,추가 초안4,물감놀이 다음으로 넘어갈 활동 하나만 짜줘,
play_flow_naturalize,놀이 흐름 다듬기,"계획된 놀이 활동들의 순서와 연결 상태를 입력으로 받아, 단계 사이의 전환이 매끄러워지도록 흐름을 다듬은 전개안을 제안한다.",기존1 (참고용),이 순서가 좀 뚝뚝 끊기는데 흐름 좀 매끄럽게 해줘,
play_flow_naturalize,놀이 흐름 다듬기,,기존2 (참고용),"도입에서 바로 만들기로 넘어가니까 어색해, 연결 좀 자연스럽게",
play_flow_naturalize,놀이 흐름 다듬기,,추가 초안1,"도입에서 전개로 넘어가는 게 뚝뚝 끊겨, 흐름 좀 매끄럽게 이어줘",
play_flow_naturalize,놀이 흐름 다듬기,,추가 초안2,이 활동 순서 자연스럽게 다시 배열해줘,
play_flow_naturalize,놀이 흐름 다듬기,,추가 초안3,노래 부르다 갑자기 만들기로 넘어가니 어색한데 중간을 이어줄 것 없을까?,
play_flow_naturalize,놀이 흐름 다듬기,,추가 초안4,"전이가 너무 급해, 활동 연결 좀 부드럽게 해줘",
play_material_suggest,놀잇감 추천,"진행 중인 놀이의 주제와 상황을 입력으로 받아, 그 놀이에 새로 투입하면 좋을 놀잇감·재료 목록을 추천한다.",기존1 (참고용),가게놀이 하는데 뭐 더 넣어주면 좋을까?,
play_material_suggest,놀잇감 추천,,기존2 (참고용),요즘 애들이 병원놀이에 푹 빠졌는데 새로 넣어줄 만한 재료 뭐 있을까?,
play_material_suggest,놀잇감 추천,,추가 초안1,병원놀이에 새로 넣어줄 만한 소품 뭐 있을까?,
play_material_suggest,놀잇감 추천,,추가 초안2,요즘 곤충에 관심 많은데 놀이에 보태줄 재료 추천해줘,
play_material_suggest,놀잇감 추천,,추가 초안3,블록 영역에 뭘 더 넣어주면 애들이 재밌어할까?,
play_material_suggest,놀잇감 추천,,추가 초안4,"가게놀이 물건이 시시해졌나 봐, 새 놀잇감 좀 골라줘",
play_scenario_generate,놀이 시나리오 만들기,"놀이 주제나 유아의 관심사를 입력으로 받아, 상상놀이에 바로 쓸 수 있는 이야기 배경과 역할 상황이 담긴 시나리오를 생성한다.",기존1 (참고용),우주 탐험 역할놀이 상황극 하나 짜줘,
play_scenario_generate,놀이 시나리오 만들기,,기존2 (참고용),얘들 소방관 놀이 하는데 출동하는 이야기 좀 만들어줘,
play_scenario_generate,놀이 시나리오 만들기,,추가 초안1,공룡 구조대 역할놀이 상황극 대본 하나 만들어줘,
play_scenario_generate,놀이 시나리오 만들기,,추가 초안2,바닷속 탐험 상상놀이 이야기 짜줘,
play_scenario_generate,놀이 시나리오 만들기,,추가 초안3,미용실놀이 상황 설정 좀 만들어줄래?,
play_scenario_generate,놀이 시나리오 만들기,,추가 초안4,우체국놀이 역할이랑 상황 시나리오 뽑아줘,
play_inquiry_question,발문(질문) 만들기,"진행 중인 놀이 장면을 입력으로 받아, 유아의 탐구와 사고를 자극할 교사 발문 목록을 생성한다.",기존1 (참고용),그림자 놀이 하는데 애들한테 뭐라고 물어보면 좋을까?,
play_inquiry_question,발문(질문) 만들기,,기존2 (참고용),여기서 던질 만한 질문 몇 개만 뽑아줘,
play_inquiry_question,발문(질문) 만들기,,추가 초안1,얼음 녹는 걸 보고 있는데 뭐라고 물어봐 주면 좋을까?,
play_inquiry_question,발문(질문) 만들기,,추가 초안2,이 그림자놀이에서 던질 탐구 질문 몇 개 만들어줘,
play_inquiry_question,발문(질문) 만들기,,추가 초안3,애들 생각을 끌어낼 발문 좀 뽑아줘,
play_inquiry_question,발문(질문) 만들기,,추가 초안4,바람개비 돌리는 애들한테 할 질문 추천해줘,
play_level_adapt,난이도 맞추기,"기존 놀이 활동을 입력으로 받아, 유아의 연령과 발달 수준에 맞게 난이도와 방법을 조정한 변형안을 생성한다.",기존1 (참고용),이거 만 3세도 할 수 있게 좀 쉽게 바꿔줘,
play_level_adapt,난이도 맞추기,,기존2 (참고용),이 게임 우리 반 형님들한텐 너무 시시한데 좀 어렵게 해줄래?,
play_level_adapt,난이도 맞추기,,추가 초안1,이 게임 만 5세용인데 동생반도 할 수 있게 쉽게 바꿔줘,
play_level_adapt,난이도 맞추기,,추가 초안2,"규칙이 너무 어려운가 봐, 수준 좀 낮춰줄래?",
play_level_adapt,난이도 맞추기,,추가 초안3,우리 반 형님들한텐 싱거운데 좀 어렵게 변형해줘,
play_level_adapt,난이도 맞추기,,추가 초안4,이 활동 연령별로 난이도 나눠서 정리해줘,
play_revive_stalled,시든 놀이 살리기,"흥미가 식거나 전개가 막힌 놀이 상황을 입력으로 받아, 유아의 몰입을 되살릴 교사 개입 방법을 제안한다.",기존1 (참고용),애들이 며칠 만에 시큰둥해졌는데 어떻게 다시 불붙이지?,
play_revive_stalled,시든 놀이 살리기,,기존2 (참고용),"가게놀이가 손님이 없어서 영 안 굴러가, 뭘 해줘야 하나",
play_revive_stalled,시든 놀이 살리기,,추가 초안1,"역할놀이가 사흘째 똑같이 돌아, 다시 재미 붙일 방법 없을까?",
play_revive_stalled,시든 놀이 살리기,,추가 초안2,"애들이 블록 영역엔 아예 안 가, 어떻게 끌어들이지?",
play_revive_stalled,시든 놀이 살리기,,추가 초안3,시들해진 병원놀이 좀 살려줘,
play_revive_stalled,시든 놀이 살리기,,추가 초안4,몰입이 확 떨어졌는데 불씨 살릴 아이디어 줘,
play_environment_setup,놀이 환경 꾸미기,"놀이 주제와 교실 여건을 입력으로 받아, 그 놀이가 잘 일어나도록 공간과 흥미 영역을 배치한 환경 구성안을 제안한다.",기존1 (참고용),역할놀이 영역 이번엔 어떻게 꾸며주지?,
play_environment_setup,놀이 환경 꾸미기,,기존2 (참고용),블록이랑 미술 영역 자리 바꿔볼까 하는데 배치 좀 짜줘,
play_environment_setup,놀이 환경 꾸미기,,추가 초안1,봄 주제로 역할영역 어떻게 꾸밀지 배치안 짜줘,
play_environment_setup,놀이 환경 꾸미기,,추가 초안2,쌓기 영역이랑 언어 영역 자리 바꿔서 구성해줄래?,
play_environment_setup,놀이 환경 꾸미기,,추가 초안3,교실 흥미영역 재배치 아이디어 줘,
play_environment_setup,놀이 환경 꾸미기,,추가 초안4,캠핑놀이 하게 교실 한쪽을 캠핑장처럼 꾸미고 싶어,
obs_record_moment,순간 관찰 기록,교사가 짧게 구술하거나 메모한 아이의 행동·말 장면을 입력받아 날짜·아동·상황 정보가 채워진 관찰 기록으로 저장한다.,기존1 (참고용),"지호 방금 처음으로 가위질 성공했어, 이거 적어놔",
obs_record_moment,순간 관찰 기록,,기존2 (참고용),방금 그 상황 관찰일지에 남겨줘,
obs_record_moment,순간 관찰 기록,,추가 초안1,"서아가 방금 친구한테 양보했어, 이거 남겨놔",
obs_record_moment,순간 관찰 기록,,추가 초안2,지금 도윤이가 한 말 관찰 메모로 적어줘,
obs_record_moment,순간 관찰 기록,,추가 초안3,"하윤이 오늘 처음으로 혼자 신발 신었어, 적어두자",
obs_record_moment,순간 관찰 기록,,추가 초안4,방금 그 장면 짧게 기록해놔줘,
obs_capture_scene,활동 장면 담기,교사가 지목한 지금 벌어지고 있는 놀이·활동 장면을 사진이나 영상으로 포착해 관찰 증거로 저장한다.,기존1 (참고용),지금 이 장면 좀 찍어놔,
obs_capture_scene,활동 장면 담기,,기존2 (참고용),쌓기놀이 하는 거 영상으로 담아줘,
obs_capture_scene,활동 장면 담기,,추가 초안1,저기 모래놀이 하는 거 사진으로 남겨줘,
obs_capture_scene,활동 장면 담기,,추가 초안2,지금 합주하는 장면 영상 좀 찍어놔,
obs_capture_scene,활동 장면 담기,,추가 초안3,이 장면 놓치지 말고 담아줘,
obs_capture_scene,활동 장면 담기,,추가 초안4,율동하는 모습 카메라로 잡아줘,
obs_tag_children,사진 속 아이 태그,화면에 열려 있는 사진이나 관찰 기록에 등장하는 아이가 누구인지 지정받아 그 자료를 해당 아동의 프로필에 연결한다.,기존1 (참고용),이 사진 서준이랑 하윤이야,
obs_tag_children,사진 속 아이 태그,,기존2 (참고용),여기 나온 애들 태그 좀 해줘,
obs_tag_children,사진 속 아이 태그,,추가 초안1,이 사진에 나온 애들 누군지 연결해줘,
obs_tag_children,사진 속 아이 태그,,추가 초안2,여기 왼쪽이 도윤이고 오른쪽이 서아야,
obs_tag_children,사진 속 아이 태그,,추가 초안3,이 영상 속 아이 민준이로 태그해줘,
obs_tag_children,사진 속 아이 태그,,추가 초안4,방금 올린 사진들 태그 좀 해줘,
obs_classify_development,발달 영역 분류,화면의 관찰 기록이나 포착된 장면의 내용을 분석해 해당하는 발달 영역과 누리과정 지표로 분류한다.,기존1 (참고용),이 기록 어느 영역에 넣으면 돼?,
obs_classify_development,발달 영역 분류,,기존2 (참고용),이거 의사소통 쪽으로 분류해줘,
obs_classify_development,발달 영역 분류,,추가 초안1,이 관찰 기록 신체운동 영역으로 분류해줘,
obs_classify_development,발달 영역 분류,,추가 초안2,방금 기록 어느 발달영역에 해당해?,
obs_classify_development,발달 영역 분류,,추가 초안3,이거 누리과정 어디에 넣으면 될까?,
obs_classify_development,발달 영역 분류,,추가 초안4,이 장면은 의사소통이야 사회관계야?,
obs_summarize_child,아이별 관찰 요약,지정된 아이의 누적 관찰 기록과 사진을 모아 최근 행동·발달 흐름을 한눈에 볼 수 있는 요약으로 생성한다.,기존1 (참고용),요즘 도윤이 어떻게 지내?,
obs_summarize_child,아이별 관찰 요약,,기존2 (참고용),이번 달 서아 관찰한 거 정리해줘,
obs_summarize_child,아이별 관찰 요약,,추가 초안1,서준이 최근 관찰 기록 한눈에 정리해줘,
obs_summarize_child,아이별 관찰 요약,,추가 초안2,이번 주 하윤이 어떻게 지냈는지 요약해줄래?,
obs_summarize_child,아이별 관찰 요약,,추가 초안3,민서 관찰한 것들 모아서 브리핑해줘,
obs_summarize_child,아이별 관찰 요약,,추가 초안4,다온이 요즘 모습 정리 좀 해줘,
obs_detect_behavior_change,행동 변화 감지,특정 아이 또는 반 전체의 관찰 데이터를 이전 시기와 비교해 달라진 행동 패턴이나 주의가 필요한 변화를 탐지해 보고한다.,기존1 (참고용),"요즘 지우가 좀 달라진 것 같은데, 뭐 있어?",
obs_detect_behavior_change,행동 변화 감지,,기존2 (참고용),혼자 노는 시간이 부쩍 는 애 있나 봐줘,
obs_detect_behavior_change,행동 변화 감지,,추가 초안1,우리 반에 요즘 식사량 확 준 애 있는지 봐줘,
obs_detect_behavior_change,행동 변화 감지,,추가 초안2,지호 행동이 지난주랑 달라진 게 있나 확인해줘,
obs_detect_behavior_change,행동 변화 감지,,추가 초안3,평소랑 다르게 구는 애 있으면 짚어줘,
obs_detect_behavior_change,행동 변화 감지,,추가 초안4,서아 요즘 말수가 준 것 같은데 기록상으로도 그래?,
obs_recommend_focus,관찰 포커스 추천,아이별 관찰 기록의 누적량과 공백을 근거로 다음에 누구를 어떤 장면에서 관찰하면 좋을지 관찰 대상을 추천한다.,기존1 (참고용),내일은 누굴 좀 봐야 하지?,
obs_recommend_focus,관찰 포커스 추천,,기존2 (참고용),관찰이 제일 부족한 애 누구야?,
obs_recommend_focus,관찰 포커스 추천,,추가 초안1,이번 주엔 누굴 중점적으로 관찰하면 좋을까?,
obs_recommend_focus,관찰 포커스 추천,,추가 초안2,관찰 기록이 부족한 아이 순서로 알려줘,
obs_recommend_focus,관찰 포커스 추천,,추가 초안3,내일 자유놀이 시간에 봐야 할 애 추천해줘,
obs_recommend_focus,관찰 포커스 추천,,추가 초안4,요즘 기록이 비어 있는 애가 누구지?,
obs_set_watchpoint,관찰 포인트 설정,지정된 아이의 특정 행동이나 상황이 다시 나타나면 포착하거나 교사에게 알리도록 관찰 워치포인트를 설정한다.,기존1 (참고용),준우가 또 친구 물면 바로 알려줘,
obs_set_watchpoint,관찰 포인트 설정,,기존2 (참고용),이번 주 서아 점심 얼마나 먹는지 좀 지켜봐줘,
obs_set_watchpoint,관찰 포인트 설정,,추가 초안1,다온이가 밥 남기면 알려주게 설정해줘,
obs_set_watchpoint,관찰 포인트 설정,,추가 초안2,서준이 낮잠 안 자는 날 체크해줘,
obs_set_watchpoint,관찰 포인트 설정,,추가 초안3,지우가 혼자 놀기 시작하면 나한테 알림 줘,
obs_set_watchpoint,관찰 포인트 설정,,추가 초안4,이번 주 내내 하윤이 또래 상호작용 지켜봐줘,
obs_search_records,관찰 기록 검색,아이·기간·활동 같은 조건을 받아 과거의 관찰 기록과 포착된 장면을 검색해 화면에 불러와 보여준다.,기존1 (참고용),하윤이 블록놀이 했던 기록 찾아줘,
obs_search_records,관찰 기록 검색,,기존2 (참고용),지난주 바깥놀이 때 찍은 거 어디 있지?,
obs_search_records,관찰 기록 검색,,추가 초안1,민준이 4월 관찰 기록 다 꺼내줘,
obs_search_records,관찰 기록 검색,,추가 초안2,바깥놀이 때 기록한 것들 찾아줘,
obs_search_records,관찰 기록 검색,,추가 초안3,지난달 서아 언어 관련 기록 있었나?,
obs_search_records,관찰 기록 검색,,추가 초안4,물놀이 날 찍은 관찰 영상 어디 있지?,
text_naturalize,글 자연스럽게 다듬기,"화면에서 선택했거나 방금 작성한 기존 글을 입력으로, 내용과 사실은 그대로 유지하면서 어색하거나 딱딱한 표현을 매끄러운 문장으로 고쳐 쓴 수정본을 만든다.",기존1 (참고용),이거 좀 자연스럽게 만들어줘,
text_naturalize,글 자연스럽게 다듬기,,기존2 (참고용),문장이 너무 딱딱한데 좀 부드럽게 해줄래?,
text_naturalize,글 자연스럽게 다듬기,,추가 초안1,이 문장 좀 부드럽게 다듬어줘,
text_naturalize,글 자연스럽게 다듬기,,추가 초안2,말투가 너무 사무적인데 따뜻하게 고쳐줄래?,
text_naturalize,글 자연스럽게 다듬기,,추가 초안3,이 단락 읽기 편하게 손봐줘,
text_naturalize,글 자연스럽게 다듬기,,추가 초안4,"문장이 번역투 같아, 자연스럽게 바꿔줘",
write_activity_followup,활동 후속 기록 쓰기,"방금 마친 활동의 사진·메모·관찰 내용을 입력으로, 활동이 어떻게 진행됐고 다음에 무엇으로 이어갈지를 담은 후속 기록 글을 새로 작성한다.",기존1 (참고용),오늘 물감놀이 한 거 후속 기록 좀 써줘,
write_activity_followup,활동 후속 기록 쓰기,,기존2 (참고용),아까 그 블록 활동 이어서 기록 남겨야 되는데 초안 좀,
write_activity_followup,활동 후속 기록 쓰기,,추가 초안1,오늘 요리활동 후속 기록 초안 잡아줘,
write_activity_followup,활동 후속 기록 쓰기,,추가 초안2,"아까 산책 활동, 이어갈 방향까지 담아서 기록 써줘",
write_activity_followup,활동 후속 기록 쓰기,,추가 초안3,모래놀이 오늘 한 것과 다음 전개 정리해줘,
write_activity_followup,활동 후속 기록 쓰기,,추가 초안4,"찰흙 활동 마무리 기록 남겨야 해, 써줄래?",
doc_observation_record,관찰 기록문 쓰기,"교사가 말하거나 메모해 둔 특정 아이의 행동·말 관찰 내용을 입력으로, 격식을 갖춘 관찰 기록 문서를 작성한다.",기존1 (참고용),"지우가 오늘 블록으로 성 만들었거든, 이거 관찰기록으로 써줘",
doc_observation_record,관찰 기록문 쓰기,,기존2 (참고용),"얘가 오늘 처음으로 친구한테 먼저 말 걸었어, 기록 좀 남겨줘",
doc_observation_record,관찰 기록문 쓰기,,추가 초안1,"서아가 오늘 퍼즐 열두 조각을 혼자 맞췄어, 관찰기록문으로 정리해줘",
doc_observation_record,관찰 기록문 쓰기,,추가 초안2,이 메모를 정식 관찰기록으로 써줘,
doc_observation_record,관찰 기록문 쓰기,,추가 초안3,도윤이 역할놀이 관찰한 내용 문서로 만들어줘,
doc_observation_record,관찰 기록문 쓰기,,추가 초안4,오늘 적어둔 것 격식 갖춘 관찰문으로 바꿔줘,
doc_notice_draft,알림장 초안 쓰기,"준비물·일정·안내 사항 같은 전달 내용을 입력으로, 학부모에게 보낼 알림장 글 초안을 작성한다.",기존1 (참고용),내일 견학 가니까 준비물 알림장 좀 써줘,
doc_notice_draft,알림장 초안 쓰기,,기존2 (참고용),"다음 주 상담 주간 안내 나가야 돼, 알림장 초안 부탁해",
doc_notice_draft,알림장 초안 쓰기,,추가 초안1,다음 주 재량휴업일 안내 알림장 초안 써줘,
doc_notice_draft,알림장 초안 쓰기,,추가 초안2,독감 유행이라 손씻기 협조 알림장 하나 만들어줘,
doc_notice_draft,알림장 초안 쓰기,,추가 초안3,겨울 옷차림 안내 알림장 써줄래?,
doc_notice_draft,알림장 초안 쓰기,,추가 초안4,수족구 예방 안내문 초안 부탁해,
doc_plan_draft,활동계획안 쓰기,"활동 주제·기간·지난 계획 같은 정보를 입력으로, 주간·일일 계획안 문서의 초안을 작성한다.",기존1 (참고용),다음 주 주간계획안 좀 짜줘,
doc_plan_draft,활동계획안 쓰기,,기존2 (참고용),봄 프로젝트로 이번 주 일일계획 초안 만들어줄래?,
doc_plan_draft,활동계획안 쓰기,,추가 초안1,다음 주 '가을 열매' 주간계획안 초안 짜줘,
doc_plan_draft,활동계획안 쓰기,,추가 초안2,내일 일일계획안 만들어줘,
doc_plan_draft,활동계획안 쓰기,,추가 초안3,여름 물놀이 주간 활동계획안 짜줘,
doc_plan_draft,활동계획안 쓰기,,추가 초안4,봄꽃 산책 활동 계획서 초안 잡아줘,
doc_summarize,글 요약하기,"선택한 긴 기록이나 문서를 입력으로, 핵심 내용만 남긴 더 짧은 요약문을 만든다.",기존1 (참고용),이거 너무 긴데 세 줄로 요약 좀,
doc_summarize,글 요약하기,,기존2 (참고용),이번 달 관찰기록들 핵심만 추려줘,
doc_summarize,글 요약하기,,추가 초안1,이 공문 핵심만 추려줘,
doc_summarize,글 요약하기,,추가 초안2,긴 안내문인데 세 줄로 압축해줘,
doc_summarize,글 요약하기,,추가 초안3,이 기록 요점만 남게 줄여줘,
doc_summarize,글 요약하기,,추가 초안4,회의록 요약본 만들어줘,
doc_expand_text,짧은 메모 늘려 쓰기,"짧은 메모나 몇 문장짜리 초안을 입력으로, 내용을 구체화하고 살을 붙여 더 상세한 완성 글로 확장한다.",기존1 (참고용),이 메모 가지고 한 문단으로 늘려줘,
doc_expand_text,짧은 메모 늘려 쓰기,,기존2 (참고용),두 줄밖에 못 썼는데 여기에 살 좀 붙여줄래?,
doc_expand_text,짧은 메모 늘려 쓰기,,추가 초안1,"'블록 성 만듦, 뿌듯해함' 이 메모를 한 문단으로 늘려줘",
doc_expand_text,짧은 메모 늘려 쓰기,,추가 초안2,두 줄짜리 소감에 살 붙여서 늘려줘,
doc_expand_text,짧은 메모 늘려 쓰기,,추가 초안3,이 개요를 완성된 글로 확장해줘,
doc_expand_text,짧은 메모 늘려 쓰기,,추가 초안4,키워드만 적어놨는데 문장으로 풀어줘,
doc_proofread,맞춤법 교정,"선택한 글을 입력으로, 맞춤법·띄어쓰기·오탈자를 찾아 바르게 고친 교정본을 만든다.",기존1 (참고용),맞춤법 좀 봐줘,
doc_proofread,맞춤법 교정,,기존2 (참고용),여기 오타 있나 확인해서 고쳐줄래?,
doc_proofread,맞춤법 교정,,추가 초안1,이 알림장 맞춤법 검사해줘,
doc_proofread,맞춤법 교정,,추가 초안2,띄어쓰기 틀린 데 잡아줘,
doc_proofread,맞춤법 교정,,추가 초안3,오타 있나 한번 훑어줄래?,
doc_proofread,맞춤법 교정,,추가 초안4,보내기 전에 철자 확인 부탁해,
doc_portfolio_comment,포트폴리오 코멘트 쓰기,"한 아이의 누적된 기록·사진을 입력으로, 포트폴리오에 들어갈 발달 종합 코멘트(총평)를 작성한다.",기존1 (참고용),지우 포트폴리오 총평 좀 써줘,
doc_portfolio_comment,포트폴리오 코멘트 쓰기,,기존2 (참고용),이번 학기 애들 발달 코멘트 하나씩 써야 하는데 서준이 것부터,
doc_portfolio_comment,포트폴리오 코멘트 쓰기,,추가 초안1,하윤이 1학기 포트폴리오 총평 써줘,
doc_portfolio_comment,포트폴리오 코멘트 쓰기,,추가 초안2,민준이 발달 종합 코멘트 초안 잡아줘,
doc_portfolio_comment,포트폴리오 코멘트 쓰기,,추가 초안3,포트폴리오 마지막 장에 들어갈 교사 한마디 써줄래?,
doc_portfolio_comment,포트폴리오 코멘트 쓰기,,추가 초안4,서아 성장 코멘트 부탁해,
visual_naturalize,사진 자연스럽게 보정,선택된 사진의 색감·노출·기울기·흔들림 같은 결함을 원본 분위기를 해치지 않는 선에서 자연스럽게 보정한 결과 사진을 만든다.,기존1 (참고용),이거 좀 자연스럽게 만들어줘,
visual_naturalize,사진 자연스럽게 보정,,기존2 (참고용),"사진이 너무 어둡게 나왔네, 좀 살려줄 수 있어?",
visual_naturalize,사진 자연스럽게 보정,,추가 초안1,"이 사진 너무 노랗게 나왔어, 색 좀 잡아줘",
visual_naturalize,사진 자연스럽게 보정,,추가 초안2,역광이라 얼굴이 어두운데 살려줄래?,
visual_naturalize,사진 자연스럽게 보정,,추가 초안3,사진이 좀 뿌옇게 나왔는데 선명하게 보정해줘,
visual_naturalize,사진 자연스럽게 보정,,추가 초안4,기울어진 사진 반듯하게 세워줘,
visual_layout_refine,게시물 배치 다듬기,알림장·포트폴리오·놀이 보드 등 현재 화면에 놓인 사진과 텍스트 요소의 배치·정렬·간격을 다듬어 보기 좋은 레이아웃으로 재구성한다.,기존1 (참고용),알림장 사진 배치가 좀 어수선한데 정돈해줘,
visual_layout_refine,게시물 배치 다듬기,,기존2 (참고용),이 페이지 좀 보기 좋게 다듬어줄래?,
visual_layout_refine,게시물 배치 다듬기,,추가 초안1,"알림장 사진 간격이 들쭉날쭉해, 정렬 좀 해줘",
visual_layout_refine,게시물 배치 다듬기,,추가 초안2,이 판 구성이 답답한데 시원하게 재배치해줘,
visual_layout_refine,게시물 배치 다듬기,,추가 초안3,게시판 레이아웃 보기 좋게 다듬어줘,
visual_layout_refine,게시물 배치 다듬기,,추가 초안4,사진이랑 글 배치 균형 좀 맞춰줄래?,
visual_photo_organize,사진 정리,업로드되거나 선택된 여러 장의 활동 사진을 활동·날짜·아동 기준으로 분류하고 중복·실패 컷을 정리해 정돈된 앨범 구조로 만든다.,기존1 (참고용),이 사진 정리 좀,
visual_photo_organize,사진 정리,,기존2 (참고용),오늘 찍은 거 활동별로 나눠줘,
visual_photo_organize,사진 정리,,추가 초안1,오늘 찍은 사진 활동별로 폴더 나눠줘,
visual_photo_organize,사진 정리,,추가 초안2,중복 컷 걸러내고 앨범 정리해줘,
visual_photo_organize,사진 정리,,추가 초안3,지난주 사진들 날짜순으로 묶어줘,
visual_photo_organize,사진 정리,,추가 초안4,"사진첩이 뒤죽박죽이야, 정리 좀 해줘",
visual_photo_pick_best,베스트 사진 고르기,여러 장의 후보 사진 가운데 초점·표정·구도 같은 품질과 쓰임새 적합성을 기준으로 쓸 만한 소수의 사진을 골라 추천한다.,기존1 (참고용),이 중에 제일 잘 나온 걸로 골라줘,
visual_photo_pick_best,베스트 사진 고르기,,기존2 (참고용),알림장에 넣을 만한 거 두세 장만 뽑아줄래?,
visual_photo_pick_best,베스트 사진 고르기,,추가 초안1,발표회 사진 중에 제일 잘 나온 것 골라줘,
visual_photo_pick_best,베스트 사진 고르기,,추가 초안2,포트폴리오에 쓸 만한 컷 세 장만 추려줘,
visual_photo_pick_best,베스트 사진 고르기,,추가 초안3,눈 감은 것 빼고 괜찮은 사진 뽑아줄래?,
visual_photo_pick_best,베스트 사진 고르기,,추가 초안4,이 중에서 알림장에 넣을 베스트컷 골라줘,
visual_image_generate,그림 만들기,교사가 말한 주제나 설명을 입력으로 활동 자료·알림장·안내문에 쓸 새 삽화나 이미지를 생성한다.,기존1 (참고용),다음 주 주제가 가을인데 어울리는 그림 하나 만들어줘,
visual_image_generate,그림 만들기,,기존2 (참고용),물놀이 안내문에 넣을 귀여운 삽화 하나만,
visual_image_generate,그림 만들기,,추가 초안1,토끼 그림 하나 그려줘,
visual_image_generate,그림 만들기,,추가 초안2,가을 소풍 안내문에 넣을 단풍 일러스트 만들어줘,
visual_image_generate,그림 만들기,,추가 초안4,생일판에 쓸 케이크 그림 그려줄래?,
visual_privacy_mask,얼굴 모자이크 처리,선택된 사진에서 공개하면 안 되는 아동 얼굴이나 개인정보가 드러난 영역을 찾아 흐림·스티커 처리한 공유 가능한 사진을 만든다.,기존1 (참고용),뒤에 다른 반 애들 얼굴 좀 가려줘,
visual_privacy_mask,얼굴 모자이크 처리,,기존2 (참고용),이거 올려도 되게 얼굴 처리 해줄래?,
visual_privacy_mask,얼굴 모자이크 처리,,추가 초안1,뒤에 지나가는 애 얼굴 모자이크 해줘,
visual_privacy_mask,얼굴 모자이크 처리,,추가 초안2,우리 반 아닌 애들은 다 가려줘,
visual_privacy_mask,얼굴 모자이크 처리,,추가 초안3,이 사진 개인정보 보이는 부분 흐리게 처리해줘,
visual_privacy_mask,얼굴 모자이크 처리,,추가 초안4,명찰 이름 안 보이게 처리해줄래?,
visual_crop_focus,사진 크롭·확대,선택된 사진에서 특정 아동이나 장면이 잘 보이도록 해당 부분을 잘라내거나 확대한 이미지를 만든다.,기존1 (참고용),여기서 서연이만 크게 나오게 잘라줘,
visual_crop_focus,사진 크롭·확대,,기존2 (참고용),가운데 만들기 하는 부분만 확대해줄래?,
visual_crop_focus,사진 크롭·확대,,추가 초안1,이 사진에서 다온이만 나오게 잘라줘,
visual_crop_focus,사진 크롭·확대,,추가 초안2,가운데 작품 부분만 확대해줘,
visual_crop_focus,사진 크롭·확대,,추가 초안3,"배경이 너무 넓다, 아이들 중심으로 잘라줘",
visual_crop_focus,사진 크롭·확대,,추가 초안4,이 부분만 클로즈업해서 저장해줄래?,
visual_decorate,사진 꾸미기,선택된 사진이나 페이지 위에 프레임·스티커·날짜·이름표 같은 꾸밈 요소를 얹어 장식된 버전을 만든다.,기존1 (참고용),이 사진 생일 느낌 나게 꾸며줘,
visual_decorate,사진 꾸미기,,기존2 (참고용),여기에 날짜랑 이름 스티커 좀 붙여줄래?,
visual_decorate,사진 꾸미기,,추가 초안1,이 사진에 생일 왕관 스티커 붙여줘,
visual_decorate,사진 꾸미기,,추가 초안2,테두리 귀엽게 꾸며줄래?,
visual_decorate,사진 꾸미기,,추가 초안3,날짜랑 이름표 넣어서 꾸며줘,
visual_decorate,사진 꾸미기,,추가 초안4,졸업 사진 느낌 나게 리본 장식 얹어줘,
visual_collage_compose,콜라주 만들기,선택된 여러 장의 사진을 입력으로 한 장짜리 콜라주나 모음 컷 이미지를 합성해 만든다.,기존1 (참고용),오늘 사진들 한 장으로 모아줘,
visual_collage_compose,콜라주 만들기,,기존2 (참고용),이 네 장 묶어서 알림장에 넣게 한 컷으로 만들어줄래?,
visual_collage_compose,콜라주 만들기,,추가 초안1,오늘 활동 사진 네 장 한 컷으로 합쳐줘,
visual_collage_compose,콜라주 만들기,,추가 초안2,이번 달 하이라이트 콜라주 만들어줘,
visual_collage_compose,콜라주 만들기,,추가 초안3,이 사진들 모아서 모음컷 만들어줄래?,
visual_collage_compose,콜라주 만들기,,추가 초안4,졸업 앨범용으로 한 장에 배열해서 합성해줘,
comm_draft_parent_notice,학급 알림장 쓰기,화면의 활동 기록·일정 등 컨텍스트를 근거로 학급 학부모 전체에게 보낼 알림장·공지 초안을 작성한다.,기존1 (참고용),오늘 알림장 좀 써줘,
comm_draft_parent_notice,학급 알림장 쓰기,,기존2 (참고용),내일 물놀이 준비물 공지 하나만,
comm_draft_parent_notice,학급 알림장 쓰기,,추가 초안1,오늘 활동 사진 곁들여서 알림장 초안 잡아줘,
comm_draft_parent_notice,학급 알림장 쓰기,,추가 초안2,우리 반 전체에 나갈 견학 공지 써줘,
comm_draft_parent_notice,학급 알림장 쓰기,,추가 초안3,이번 주 학급 소식지 초안 만들어줘,
comm_draft_parent_notice,학급 알림장 쓰기,,추가 초안4,내일 준비물 공지 문구 하나 뽑아줘,
comm_message_individual_parent,개별 학부모 메시지,특정 아동에 관한 전달 사항을 그 아동의 학부모 한 가정에게 보내는 개별 메시지로 작성해 전송한다.,기존1 (참고용),지우 어머니한테 오늘 낮잠 못 잤다고 전해줘,
comm_message_individual_parent,개별 학부모 메시지,,기존2 (참고용),이건 서준이네만 따로 알려야 할 것 같은데,
comm_message_individual_parent,개별 학부모 메시지,,추가 초안1,다온이 어머니께 오늘 열이 조금 있었다고 알려드려줘,
comm_message_individual_parent,개별 학부모 메시지,,추가 초안2,서준이네만 따로 하원 시간 변경 안내해줘,
comm_message_individual_parent,개별 학부모 메시지,,추가 초안3,지호 아버님께 상담 가능 시간 여쭤보는 메시지 보내줘,
comm_message_individual_parent,개별 학부모 메시지,,추가 초안4,민서 부모님께 오늘 점심 잘 먹었다고 전해드려,
comm_share_media_with_parents,학부모에 사진 공유,화면에서 지시된 사진·영상 등 미디어 자료를 가정에서 볼 수 있도록 학부모 채널에 공유한다.,기존1 (참고용),이 사진들 부모님들한테 보내줘,
comm_share_media_with_parents,학부모에 사진 공유,,기존2 (참고용),오늘 놀이 영상 가정에도 공유해줘,
comm_share_media_with_parents,학부모에 사진 공유,,추가 초안1,오늘 체육대회 사진 가정에 공유해줘,
comm_share_media_with_parents,학부모에 사진 공유,,추가 초안2,이 영상 부모님들 보시게 올려줘,
comm_share_media_with_parents,학부모에 사진 공유,,추가 초안3,발표회 영상 각 가정으로 보내줘,
comm_share_media_with_parents,학부모에 사진 공유,,추가 초안4,물놀이 사진 학부모 앨범에 올려줄래?,
comm_share_with_colleague,동료 교사와 공유,현재 보고 있는 자료나 기록을 지정된 동료 교사·원장 등 원내 구성원에게 전달해 함께 볼 수 있게 공유한다.,기존1 (참고용),이거 옆 반 선생님한테도 보내줄래?,
comm_share_with_colleague,동료 교사와 공유,,기존2 (참고용),이 관찰기록 원장님께 공유 좀,
comm_share_with_colleague,동료 교사와 공유,,추가 초안1,이 계획안 옆 반 선생님께 보내드려줘,
comm_share_with_colleague,동료 교사와 공유,,추가 초안2,이 관찰기록 부장님이랑 공유해줘,
comm_share_with_colleague,동료 교사와 공유,,추가 초안3,우리 반 자료 3반 선생님도 볼 수 있게 해줘,
comm_share_with_colleague,동료 교사와 공유,,추가 초안4,이 문서 원감님께 전달해줄래?,
comm_present_to_children,아이들에게 보여주기,화면의 사진·영상·자료를 아이들이 다 같이 볼 수 있도록 교실 대형 화면에 크게 띄워 표시한다.,기존1 (참고용),얘들아 이것 좀 봐,
comm_present_to_children,아이들에게 보여주기,,기존2 (참고용),이 사진 애들 보게 크게 띄워줘,
comm_present_to_children,아이들에게 보여주기,,추가 초안1,어제 찍은 율동 영상 애들 보게 틀어줘,
comm_present_to_children,아이들에게 보여주기,,추가 초안2,이 그림 화면에 크게 띄워줘,
comm_present_to_children,아이들에게 보여주기,,추가 초안3,다 같이 보게 TV로 쏴줘,
comm_present_to_children,아이들에게 보여주기,,추가 초안4,동화 삽화 아이들한테 보여줄래?,
comm_schedule_send,발송 예약,이미 작성된 알림·메시지에 발송 시각을 지정해 예약 발송으로 등록하거나 예약 시각을 변경한다.,기존1 (참고용),이 알림장 내일 아침에 나가게 해줘,
comm_schedule_send,발송 예약,,기존2 (참고용),발송 4시 반으로 예약 좀,
comm_schedule_send,발송 예약,,추가 초안1,이 공지 금요일 오후 3시에 나가게 예약해줘,
comm_schedule_send,발송 예약,,추가 초안2,알림장 발송 내일 아침 8시로 걸어놔,
comm_schedule_send,발송 예약,,추가 초안3,예약 발송 시간 5시로 바꿔줘,
comm_schedule_send,발송 예약,,추가 초안4,이 메시지 하원 시간에 맞춰 나가게 해줘,
comm_translate_for_family,가정용 번역,작성된 알림·메시지를 수신 가정의 언어에 맞게 번역한 발송용 버전으로 생성한다.,기존1 (참고용),이거 베트남어로도 하나 만들어줘,
comm_translate_for_family,가정용 번역,,기존2 (참고용),사라네는 영어로 보내야 하는데,
comm_translate_for_family,가정용 번역,,추가 초안1,이 알림장 중국어 버전도 만들어줘,
comm_translate_for_family,가정용 번역,,추가 초안2,린이네 가정엔 영어로 번역해서 보내야 해,
comm_translate_for_family,가정용 번역,,추가 초안3,이 안내문 러시아어로 바꿔줄래?,
comm_translate_for_family,가정용 번역,,추가 초안4,다문화 가정용 번역본 준비해줘,
comm_collect_parent_responses,학부모 회신 모으기,발송한 알림·요청에 대한 학부모 회신을 수합해 집계·요약한 현황을 제시한다.,기존1 (참고용),소풍 간다는 집 몇 집이나 돼?,
comm_collect_parent_responses,학부모 회신 모으기,,기존2 (참고용),학부모 답장 온 것 좀 정리해줘,
comm_collect_parent_responses,학부모 회신 모으기,,추가 초안1,견학 동의서 회신 몇 집이나 왔는지 세줘,
comm_collect_parent_responses,학부모 회신 모으기,,추가 초안2,설문에 답한 가정 목록 정리해줘,
comm_collect_parent_responses,학부모 회신 모으기,,추가 초안3,아직 답 없는 집이 어디야?,
comm_collect_parent_responses,학부모 회신 모으기,,추가 초안4,참석 여부 회신 현황 보여줘,
comm_request_consent,동의 요청 보내기,견학·사진 사용 등 동의가 필요한 사안의 동의 요청서를 대상 학부모에게 발송해 서명·동의 회신을 요청한다.,기존1 (참고용),현장학습 동의서 돌려야 해,
comm_request_consent,동의 요청 보내기,,기존2 (참고용),사진 사용 동의 안 받은 집에 요청 보내줘,
comm_request_consent,동의 요청 보내기,,추가 초안1,개인정보 수집 동의서 발송해줘,
comm_request_consent,동의 요청 보내기,,추가 초안2,체험학습 동의 아직 안 한 가정에 다시 요청 보내줘,
comm_request_consent,동의 요청 보내기,,추가 초안3,"사진 활용 동의 받아야 해, 요청서 돌려줘",
comm_request_consent,동의 요청 보내기,,추가 초안4,예방접종 동의서 각 가정에 보내줄래?,
op_schedule_update,일정 업데이트,발화와 화면 컨텍스트에서 파악한 활동·행사·시간 정보를 캘린더나 주간 계획안의 일정 항목으로 등록하거나 변경한다.,기존1 (참고용),내일 오후에 신체검사 일정 좀 잡아줘,
op_schedule_update,일정 업데이트,,기존2 (참고용),비 온다는데 바깥놀이 목요일로 옮겨줘,
op_schedule_update,일정 업데이트,,추가 초안1,다음 주 화요일에 소방 대피훈련 일정 넣어줘,
op_schedule_update,일정 업데이트,,추가 초안2,사진사 방문 10시로 잡아줘,
op_schedule_update,일정 업데이트,,추가 초안3,"운동회 연기됐어, 25일로 옮겨줘",
op_schedule_update,일정 업데이트,,추가 초안4,학부모 상담 주간 캘린더에 등록해줘,
op_schedule_check,일정 확인,캘린더·주간 계획안에서 지정된 기간이나 행사에 해당하는 일정 정보를 조회해 요약된 형태로 제시한다.,기존1 (참고용),오늘 뭐 있었더라?,
op_schedule_check,일정 확인,,기존2 (참고용),다음 주 견학이 며칠이지?,
op_schedule_check,일정 확인,,추가 초안1,이번 주 금요일에 뭐 있지?,
op_schedule_check,일정 확인,,추가 초안2,신체검사가 언제였더라?,
op_schedule_check,일정 확인,,추가 초안3,다음 달 행사 일정 보여줘,
op_schedule_check,일정 확인,,추가 초안4,오늘 오후 일정 확인해줘,
op_material_prepare,준비물 챙기기,예정된 활동·행사 정보를 바탕으로 필요한 준비물과 자료를 뽑아 준비 체크리스트를 생성한다.,기존1 (참고용),내일 미술활동 준비물 좀 뽑아줘,
op_material_prepare,준비물 챙기기,,기존2 (참고용),물놀이 하려면 뭐뭐 챙겨야 하지?,
op_material_prepare,준비물 챙기기,,추가 초안1,내일 요리활동 준비물 목록 뽑아줘,
op_material_prepare,준비물 챙기기,,추가 초안2,견학 갈 때 챙길 것 체크리스트 만들어줘,
op_material_prepare,준비물 챙기기,,추가 초안3,비눗방울 놀이 하려면 뭐 준비해야 하지?,
op_material_prepare,준비물 챙기기,,추가 초안4,다음 주 과학활동 재료 리스트 정리해줘,
op_document_export,문서 내보내기,화면에 열려 있거나 지정된 문서·자료를 PDF 등 파일로 내보내거나 인쇄 가능한 형태로 출력한다.,기존1 (참고용),이거 출력 좀 해줘,
op_document_export,문서 내보내기,,기존2 (참고용),이번 달 포트폴리오 PDF로 뽑아줘,
op_document_export,문서 내보내기,,추가 초안1,이 계획안 PDF로 뽑아줘,
op_document_export,문서 내보내기,,추가 초안2,관찰기록 인쇄용으로 변환해줘,
op_document_export,문서 내보내기,,추가 초안3,포트폴리오 파일로 내보내줘,
op_document_export,문서 내보내기,,추가 초안4,이 문서 출력 좀 부탁해,
op_attendance_record,출결 기록,발화에서 파악한 아이별 출결 상태(출석·결석·조퇴 등)를 출석부의 출결 기록으로 반영한다.,기존1 (참고용),지우 오늘 병결로 해줘,
op_attendance_record,출결 기록,,기존2 (참고용),다온이 할머니가 데려가셔서 조퇴야,
op_attendance_record,출결 기록,,추가 초안1,"서준이 방금 등원했어, 체크해줘",
op_attendance_record,출결 기록,,추가 초안2,"민서 오늘 안 온대, 결석 처리해줘",
op_attendance_record,출결 기록,,추가 초안3,하윤이 출석부에 지각으로 올려줘,
op_attendance_record,출결 기록,,추가 초안4,오늘 우리 반 전원 출석이야,
op_notice_send,알림 보내기,"이미 작성된 알림장·공지·자료를 지정한 대상(학부모, 반 전체 등)에게 발송한다.",기존1 (참고용),알림장 이제 보내줘,
op_notice_send,알림 보내기,,기존2 (참고용),아까 써놓은 가정통신문 학부모들한테 지금 발송해줘,
op_notice_send,알림 보내기,,추가 초안1,아까 쓴 알림장 지금 발송해줘,
op_notice_send,알림 보내기,,추가 초안2,이 공지 학부모 전체에 보내줘,
op_notice_send,알림 보내기,,추가 초안3,완성된 가정통신문 바로 내보내줘,
op_notice_send,알림 보내기,,추가 초안4,저장해둔 안내문 오늘자로 발송해줄래?,
op_workspace_organize,자료 정리,선택되거나 지정된 워크스페이스 항목(사진·기록 등)을 아이별·날짜별·활동별 같은 기준에 따라 정렬·분류해 정돈한다.,기존1 (참고용),작업함에 쌓인 관찰기록이랑 자료들 아이별로 분류해서 정돈해줘,
op_workspace_organize,자료 정리,,기존2 (참고용),관찰기록 애들 이름별로 묶어줘,
op_workspace_organize,자료 정리,,추가 초안1,작업함 자료 월별로 정리해줘,
op_workspace_organize,자료 정리,,추가 초안2,이 파일들 활동별 폴더로 나눠줘,
op_workspace_organize,자료 정리,,추가 초안3,관찰기록 아이 이름별로 묶어서 정돈해줘,
op_workspace_organize,자료 정리,,추가 초안4,"자료실이 엉망이야, 분류 좀 해줘",
op_workspace_search,자료 검색,발화의 조건(아이·기간·활동·자료 유형 등)에 맞는 항목을 워크스페이스에서 검색해 결과 목록으로 제시한다.,기존1 (참고용),작년 운동회 계획안 파일 어디 있지?,
op_workspace_search,자료 검색,,기존2 (참고용),지난달에 만든 가정통신문 파일 좀 띄워줘,
op_workspace_search,자료 검색,,추가 초안1,작년 크리스마스 행사 자료 어디 있지?,
op_workspace_search,자료 검색,,추가 초안2,지난번에 만든 안전교육 자료 찾아줘,
op_workspace_search,자료 검색,,추가 초안3,5월에 쓴 가정통신문 꺼내줘,
op_workspace_search,자료 검색,,추가 초안4,견학 보고서 양식 파일 검색해줘,
op_workspace_delete,자료 삭제,지정되거나 조건에 맞는 워크스페이스 항목을 삭제하거나 휴지통으로 이동해 목록에서 제거한다.,기존1 (참고용),흔들린 사진들 싹 지워줘,
op_workspace_delete,자료 삭제,,기존2 (참고용),"이건 잘못 올렸어, 없애줘",
op_workspace_delete,자료 삭제,,추가 초안1,실패한 스캔본 다 삭제해줘,
op_workspace_delete,자료 삭제,,추가 초안2,임시 저장 파일들 휴지통으로 보내줘,
op_workspace_delete,자료 삭제,,추가 초안3,이 중복 문서 없애줘,
op_workspace_delete,자료 삭제,,추가 초안4,옛날 버전 계획안 지워줘,
refl_activity_review,활동 돌아보기,완료된 특정 활동의 사진·관찰 기록·계획안을 근거로 그 활동의 잘된 점과 아쉬운 점을 정리한 평가 요약을 생성한다.,기존1 (참고용),오늘 물감놀이 어땠는지 좀 정리해줘,
refl_activity_review,활동 돌아보기,,기존2 (참고용),아까 그 바깥놀이 평가 좀 해줄래?,
refl_activity_review,활동 돌아보기,,추가 초안1,오늘 신체활동 잘된 점 아쉬운 점 정리해줘,
refl_activity_review,활동 돌아보기,,추가 초안2,이번 요리활동 평가 좀 해줄래?,
refl_activity_review,활동 돌아보기,,추가 초안3,아까 이야기나누기 어땠는지 돌아보자,
refl_activity_review,활동 돌아보기,,추가 초안4,물감놀이 활동 리뷰 만들어줘,
refl_child_progress_review,아이 성장 돌아보기,특정 아이의 누적 관찰 기록과 포트폴리오를 모아 이전 시기 대비 발달 변화 추이를 정리한 리뷰를 생성한다.,기존1 (참고용),서준이 지난달이랑 비교하면 많이 컸나?,
refl_child_progress_review,아이 성장 돌아보기,,기존2 (참고용),민지 기록 모아서 어떻게 변했는지 봐줘,
refl_child_progress_review,아이 성장 돌아보기,,추가 초안1,다온이 입학 때랑 지금이랑 비교해서 발달 리뷰해줘,
refl_child_progress_review,아이 성장 돌아보기,,추가 초안2,서아 언어가 얼마나 늘었는지 추이 보여줘,
refl_child_progress_review,아이 성장 돌아보기,,추가 초안3,민준이 1학기 성장 변화 정리해줄래?,
refl_child_progress_review,아이 성장 돌아보기,,추가 초안4,지호 석 달 동안 어떻게 컸는지 봐줘,
refl_milestone_check,발달 이정표 점검,아이의 현재 관찰 기록을 연령별 표준 발달지표와 대조하여 발달 영역별 도달 여부를 정리한 점검 결과를 생성한다.,기존1 (참고용),하윤이 5세 발달 기준으로 보면 어때?,
refl_milestone_check,발달 이정표 점검,,기존2 (참고용),얘 언어 쪽 또래 수준 맞나 봐줘,
refl_milestone_check,발달 이정표 점검,,추가 초안1,도윤이 만 4세 발달 기준에 도달했는지 점검해줘,
refl_milestone_check,발달 이정표 점검,,추가 초안2,서준이 대근육 발달 또래 수준인지 확인해줘,
refl_milestone_check,발달 이정표 점검,,추가 초안3,하윤이 연령 지표 대비 어디쯤이야?,
refl_milestone_check,발달 이정표 점검,,추가 초안4,민서 언어 지표 기준으로 어느 단계인지 봐줘,
refl_goal_alignment_check,목표 점검,주간 계획안이나 교사가 세운 목표를 실제 활동·관찰 기록과 대조하여 달성된 항목과 누락된 항목을 정리한 점검표를 생성한다.,기존1 (참고용),이번 주 계획대로 다 했나 봐줘,
refl_goal_alignment_check,목표 점검,,기존2 (참고용),지난달 목표 중에 못 한 게 뭐야?,
refl_goal_alignment_check,목표 점검,,추가 초안1,이번 주 계획안 목표 다 달성했는지 대조해줘,
refl_goal_alignment_check,목표 점검,,추가 초안2,월간 목표 중에 빠진 항목 뭐야?,
refl_goal_alignment_check,목표 점검,,추가 초안3,계획대로 활동이 진행됐는지 점검표 만들어줘,
refl_goal_alignment_check,목표 점검,,추가 초안4,학기 목표 대비 어디까지 왔는지 확인해줘,
refl_self_journal,교사 성찰일지,교사가 남긴 짧은 메모나 구두 소감을 입력으로 받아 그날의 수업 운영에 대한 자기 성찰 일지 초안을 작성한다.,기존1 (참고용),"오늘 좀 정신없었는데, 회고 일지 초안 좀 써줘",
refl_self_journal,교사 성찰일지,,기존2 (참고용),방금 말한 느낌 그대로 성찰일지로 만들어줘,
refl_self_journal,교사 성찰일지,,추가 초안1,오늘 내 수업 소감 성찰일지로 써줘,
refl_self_journal,교사 성찰일지,,추가 초안2,"오늘따라 전이가 힘들었어, 일지에 남겨줘",
refl_self_journal,교사 성찰일지,,추가 초안3,이번 주 교사 저널 초안 잡아줘,
refl_self_journal,교사 성찰일지,,추가 초안4,방금 느낀 점 그대로 회고로 정리해줘,
refl_teaching_pattern_insight,수업 패턴 살펴보기,교사 자신의 누적 활동 운영·상호작용 기록을 분석하여 반복되는 운영 습관이나 영역·아이별 치우침을 짚어주는 인사이트를 생성한다.,기존1 (참고용),나 요즘 미술만 너무 많이 한 것 같지 않아?,
refl_teaching_pattern_insight,수업 패턴 살펴보기,,기존2 (참고용),내가 어떤 애들이랑 상호작용이 적었는지 봐줘,
refl_teaching_pattern_insight,수업 패턴 살펴보기,,추가 초안1,내가 바깥놀이를 너무 안 하는 건 아닌지 봐줘,
refl_teaching_pattern_insight,수업 패턴 살펴보기,,추가 초안2,요즘 내 상호작용 패턴 분석해줘,
refl_teaching_pattern_insight,수업 패턴 살펴보기,,추가 초안3,내가 어떤 활동에 치우쳐 있는지 알려줘,
refl_teaching_pattern_insight,수업 패턴 살펴보기,,추가 초안4,발문을 특정 애들한테만 하는지 확인해줄래?,
refl_improvement_suggest,개선점 제안,활동 평가나 회고에서 드러난 아쉬운 점을 바탕으로 다음 실행에 적용할 구체적인 개선 방안 목록을 제안한다.,기존1 (참고용),다음엔 뭘 바꾸면 좋을까?,
refl_improvement_suggest,개선점 제안,,기존2 (참고용),이 활동 다음번엔 어떻게 하면 더 나을까?,
refl_improvement_suggest,개선점 제안,,추가 초안1,오늘 활동 아쉬웠는데 다음엔 뭘 바꿔볼까?,
refl_improvement_suggest,개선점 제안,,추가 초안2,전이 시간 줄일 개선 아이디어 줘,
refl_improvement_suggest,개선점 제안,,추가 초안3,이 수업 더 낫게 할 방법 제안해줘,
refl_improvement_suggest,개선점 제안,,추가 초안4,다음 학기에 손볼 점 정리해줄래?,
refl_support_need_scan,지원 필요한 아이 찾기,학급 전체의 누적 관찰 데이터를 훑어 추가 관찰이나 지원이 필요한 아이와 발달 영역을 찾아 목록으로 제시한다.,기존1 (참고용),요즘 좀 신경 써야 할 애 있나 봐줘,
refl_support_need_scan,지원 필요한 아이 찾기,,기존2 (참고용),언어 쪽 지원이 더 필요해 보이는 애들 좀 추려줘,
refl_support_need_scan,지원 필요한 아이 찾기,,추가 초안1,추가 지원 필요한 애 있는지 반 전체 훑어줘,
refl_support_need_scan,지원 필요한 아이 찾기,,추가 초안2,정서 지원이 필요해 보이는 아이 추려줘,
refl_support_need_scan,지원 필요한 아이 찾기,,추가 초안3,관찰 데이터상 신경 쓸 애 리스트 뽑아줘,
refl_support_need_scan,지원 필요한 아이 찾기,,추가 초안4,소근육 도움이 필요한 애들 찾아줘,
refl_period_retrospective,기간 회고,선택한 기간의 학급 활동·관찰 기록 전체를 모아 한 주·한 달·한 학기 단위의 회고 리포트를 생성한다.,기존1 (참고용),이번 달 우리 반 어땠는지 정리해줘,
refl_period_retrospective,기간 회고,,기존2 (참고용),1학기 마무리 회고 리포트 만들어줘,
refl_period_retrospective,기간 회고,,추가 초안1,3월 한 달 우리 반 회고 리포트 만들어줘,
refl_period_retrospective,기간 회고,,추가 초안2,1학기 전체 돌아보기 정리해줘,
refl_period_retrospective,기간 회고,,추가 초안3,이번 주 학급 운영 요약 리포트 뽑아줘,
refl_period_retrospective,기간 회고,,추가 초안4,겨울방학 전까지 활동 총정리 해줘,
studio_worksheet_generate,활동지 만들기,주제·연령을 입력으로 인쇄해서 쓰는 활동지(색칠 도안·선잇기·미로·오리기·짝맞추기 등)를 생성한다.,신규1 (onto-2.0),봄꽃 주제로 선잇기 활동지 하나 만들어줘,
studio_worksheet_generate,활동지 만들기,,신규2 (onto-2.0),공룡 미로 찾기 워크시트 뽑아줘,
studio_worksheet_generate,활동지 만들기,,신규3 (onto-2.0),만 3세용 색칠 도안 준비해줘,
studio_worksheet_generate,활동지 만들기,,신규4 (onto-2.0),우주 주제 색칠도안 하나 생성해줘,
studio_worksheet_generate,활동지 만들기,,신규5 (onto-2.0),가위질 연습할 오리기 자료 좀 만들어줄래?,
studio_worksheet_generate,활동지 만들기,,신규6 (onto-2.0),숫자 따라쓰기 A4 한 장 만들어 줘,
studio_video_generate,활동 영상 만들기,주제 설명이나 이미지를 입력으로 활동·수업에 쓸 짧은 영상을 생성한다.,신규1 (onto-2.0),바다 속 물고기들이 헤엄치는 짧은 영상 만들어줘,
studio_video_generate,활동 영상 만들기,,신규2 (onto-2.0),이 그림으로 움직이는 영상 만들어줘,
studio_video_generate,활동 영상 만들기,,신규3 (onto-2.0),손 씻기 순서 알려주는 애니메이션 영상 하나 뽑아줘,
studio_video_generate,활동 영상 만들기,,신규4 (onto-2.0),공룡이 걸어다니는 영상 생성해줘,
studio_video_generate,활동 영상 만들기,,신규5 (onto-2.0),동요에 맞춰 틀어줄 배경 영상 만들어줄래?,
studio_video_generate,활동 영상 만들기,,신규6 (onto-2.0),이 캐릭터가 인사하는 영상으로 만들어져?,
studio_slides_draft,슬라이드 만들기,수업 주제나 행사 내용을 입력으로 발표·수업용 슬라이드(장표) 초안을 생성한다.,신규1 (onto-2.0),교통안전 수업용 슬라이드 만들어줘,
studio_slides_draft,슬라이드 만들기,,신규2 (onto-2.0),봄 프로젝트 발표 장표 초안 잡아줘,
studio_slides_draft,슬라이드 만들기,,신규3 (onto-2.0),부모참여수업 때 보여줄 PPT 만들어줄래?,
studio_slides_draft,슬라이드 만들기,,신규4 (onto-2.0),지진 대피 훈련 슬라이드 다섯 장으로 정리해줘,
studio_slides_draft,슬라이드 만들기,,신규5 (onto-2.0),이 계획안으로 수업 슬라이드 만들어줘,
studio_slides_draft,슬라이드 만들기,,신규6 (onto-2.0),졸업식 식순 장표 하나 부탁해,
studio_game_generate,게임 만들기,주제·연령을 입력으로 아이들이 화면을 조작하며 노는 인터랙티브 게임 콘텐츠를 생성한다.,신규1 (onto-2.0),동물 짝맞추기 게임 만들어줘,
studio_game_generate,게임 만들기,,신규2 (onto-2.0),과일 이름 맞히기 퀴즈 게임 하나 만들어줄래?,
studio_game_generate,게임 만들기,,신규3 (onto-2.0),아이들이 태블릿으로 하는 그림자 맞추기 게임 만들어줘,
studio_game_generate,게임 만들기,,신규4 (onto-2.0),이 사진들로 카드 뒤집기 게임 만들어줘,
studio_game_generate,게임 만들기,,신규5 (onto-2.0),색깔별로 나누는 분류 게임 같은 거 돼?,
studio_game_generate,게임 만들기,,신규6 (onto-2.0),공룡 발자국 따라가는 게임 만들어줘,
studio_topic_web_generate,주제망 만들기,주제나 유아 관심사를 입력으로 생각그물·주제망(마인드맵)을 생성한다.,신규1 (onto-2.0),가을 주제로 마인드맵 그려줘,
studio_topic_web_generate,주제망 만들기,,신규2 (onto-2.0),곤충 프로젝트 주제망 만들어줘,
studio_topic_web_generate,주제망 만들기,,신규3 (onto-2.0),아이들 관심사로 생각그물 하나 만들어줄래?,
studio_topic_web_generate,주제망 만들기,,신규4 (onto-2.0),물 주제 확장맵 짜줘,
studio_topic_web_generate,주제망 만들기,,신규5 (onto-2.0),이 주제로 브레인스토밍 맵 만들어줘,
studio_topic_web_generate,주제망 만들기,,신규6 (onto-2.0),동네 탐험 주제망 정리해줘,
studio_external_resource_search,외부 자료 찾기,활동 주제에 맞는 외부 자료(유튜브 영상·웹 자료)를 검색해 링크·목록으로 제시한다.,신규1 (onto-2.0),상어 가족 율동 유튜브 영상 찾아줘,
studio_external_resource_search,외부 자료 찾기,,신규2 (onto-2.0),가을 낙엽 놀이 참고할 만한 자료 검색해줘,
studio_external_resource_search,외부 자료 찾기,,신규3 (onto-2.0),공룡 다큐 영상 링크 좀 찾아줄래?,
studio_external_resource_search,외부 자료 찾기,,신규4 (onto-2.0),종이접기 순서 나온 웹사이트 찾아줘,
studio_external_resource_search,외부 자료 찾기,,신규5 (onto-2.0),이 주제로 아이들이랑 볼만한 동요 영상 추천해줘,
studio_external_resource_search,외부 자료 찾기,,신규6 (onto-2.0),봄 동시 자료 인터넷에서 찾아줘,
refl_child_guidance_consult,아이 지도 상담,교사가 묘사한 아동의 걱정되는 행동을 입력으로 발달 지식에 기반한 지도 방안을 상담 형식으로 제안한다.,신규1 (onto-2.0),요즘 지호가 밥을 잘 안 먹는데 어떻게 하면 좋을까?,
refl_child_guidance_consult,아이 지도 상담,,신규2 (onto-2.0),친구를 자꾸 무는 아이는 어떻게 지도해야 해?,
refl_child_guidance_consult,아이 지도 상담,,신규3 (onto-2.0),낮잠 시간에 유독 우는 아이가 있는데 조언 좀 해줘,
refl_child_guidance_consult,아이 지도 상담,,신규4 (onto-2.0),전학 온 아이가 적응을 힘들어하는데 어떻게 도와줄까?,
refl_child_guidance_consult,아이 지도 상담,,신규5 (onto-2.0),동생이 생긴 뒤로 아기처럼 구는데 괜찮은 걸까?,
refl_child_guidance_consult,아이 지도 상담,,신규6 (onto-2.0),물건을 자꾸 던지는 행동엔 어떻게 반응해야 해?,
